municipality_code,municipality_name,comarca_code,comarca_name,province_code,province_name,territorial_area_code,territorial_area_name,capital_lat,capital_lon,area_km2,geometry_source_date
080018,Abrera,11,Baix Llobregat,08,Barcelona,01,Barcelona,41.516171,1.902602,19.9781,
080023,Aguilar de Segarra,07,Bages,08,Barcelona,07,Catalunya Central,41.739169,1.631966,43.2198,
080039,Alella,21,Maresme,08,Barcelona,01,Barcelona,41.493732,2.294957,9.6346,
080044,Alpens,43,Lluçanès,08,Barcelona,07,Catalunya Central,42.119321,2.101273,13.7788,
080057,l'Ametlla del Vallès,41,Vallès Oriental,08,Barcelona,01,Barcelona,41.673301,2.259256,14.0885,
080060,Arenys de Mar,21,Maresme,08,Barcelona,01,Barcelona,41.579385,2.551498,6.4836,
080076,Arenys de Munt,21,Maresme,08,Barcelona,01,Barcelona,41.608993,2.540381,21.6815,
080082,Argençola,06,Anoia,08,Barcelona,08,Penedès,41.597833,1.443555,47.3814,
080095,Argentona,21,Maresme,08,Barcelona,01,Barcelona,41.554727,2.400664,25.3281,
080109,Artés,07,Bages,08,Barcelona,07,Catalunya Central,41.798194,1.953516,17.8445,
080116,Avià,14,Berguedà,08,Barcelona,07,Catalunya Central,42.077717,1.825612,27.1686,
080121,Avinyó,07,Bages,08,Barcelona,07,Catalunya Central,41.863753,1.971318,63.5617,
080137,Avinyonet del Penedès,03,Alt Penedès,08,Barcelona,08,Penedès,41.361031,1.777332,29.1865,
080142,Aiguafreda,24,Osona,08,Barcelona,07,Catalunya Central,41.767986,2.250545,7.9335,
080155,Badalona,13,Barcelonès,08,Barcelona,01,Barcelona,41.452263,2.245877,21.0792,
080168,Bagà,14,Berguedà,08,Barcelona,07,Catalunya Central,42.252816,1.861926,43.0645,
080174,Balenyà,24,Osona,08,Barcelona,07,Catalunya Central,41.81369,2.235819,17.2358,
080180,Balsareny,07,Bages,08,Barcelona,07,Catalunya Central,41.863115,1.876766,36.6795,
080193,Barcelona,13,Barcelonès,08,Barcelona,01,Barcelona,41.382721,2.177033,101.8225,
080207,Begues,11,Baix Llobregat,08,Barcelona,01,Barcelona,41.332673,1.921745,50.483,
080214,Bellprat,06,Anoia,08,Barcelona,08,Penedès,41.517152,1.433983,31.1764,
080229,Berga,14,Berguedà,08,Barcelona,07,Catalunya Central,42.104365,1.846218,22.3751,
080235,Bigues i Riells del Fai,41,Vallès Oriental,08,Barcelona,01,Barcelona,41.677289,2.221916,28.6218,
080240,Borredà,14,Berguedà,08,Barcelona,07,Catalunya Central,42.135571,1.99414,43.3751,
080253,el Bruc,06,Anoia,08,Barcelona,08,Penedès,41.57762,1.784023,47.3829,
080266,el Brull,24,Osona,08,Barcelona,07,Catalunya Central,41.816877,2.305248,41.1557,
080272,les Cabanyes,03,Alt Penedès,08,Barcelona,08,Penedès,41.37148,1.689134,1.1527,
080288,Cabrera d'Anoia,06,Anoia,08,Barcelona,08,Penedès,41.477803,1.703906,17.0837,
080291,Cabrera de Mar,21,Maresme,08,Barcelona,01,Barcelona,41.525901,2.393297,8.9359,
080305,Cabrils,21,Maresme,08,Barcelona,01,Barcelona,41.5256,2.36845,6.9608,
080312,Calaf,06,Anoia,08,Barcelona,07,Catalunya Central,41.734019,1.510944,9.242,
080327,Caldes d'Estrac,21,Maresme,08,Barcelona,01,Barcelona,41.572498,2.527811,0.8353,
080333,Caldes de Montbui,41,Vallès Oriental,08,Barcelona,01,Barcelona,41.634459,2.16293,37.5327,
080348,Calders,42,Moianès,08,Barcelona,07,Catalunya Central,41.789382,1.991878,32.9913,
080351,Calella,21,Maresme,08,Barcelona,01,Barcelona,41.613379,2.657224,8.0215,
080364,Calonge de Segarra,06,Anoia,08,Barcelona,07,Catalunya Central,41.764086,1.481977,37.1128,
080370,Calldetenes,24,Osona,08,Barcelona,07,Catalunya Central,41.92469,2.28454,5.7153,
080386,Callús,07,Bages,08,Barcelona,07,Catalunya Central,41.781278,1.784135,12.387,
080399,Campins,41,Vallès Oriental,08,Barcelona,01,Barcelona,41.724644,2.463431,7.4769,
080403,Canet de Mar,21,Maresme,08,Barcelona,01,Barcelona,41.589325,2.582697,5.5442,
080410,Canovelles,41,Vallès Oriental,08,Barcelona,01,Barcelona,41.621839,2.277179,6.8182,
080425,Cànoves i Samalús,41,Vallès Oriental,08,Barcelona,01,Barcelona,41.69354,2.35439,29.1342,
080431,Canyelles,17,Garraf,08,Barcelona,08,Penedès,41.286159,1.722171,14.1091,
080446,Capellades,06,Anoia,08,Barcelona,08,Penedès,41.531162,1.686052,2.9186,
080459,Capolat,14,Berguedà,08,Barcelona,07,Catalunya Central,42.077972,1.753092,34.3476,
080462,Cardedeu,41,Vallès Oriental,08,Barcelona,01,Barcelona,41.638528,2.355953,12.2775,
080478,Cardona,07,Bages,08,Barcelona,07,Catalunya Central,41.913297,1.681131,66.3923,
080484,Carme,06,Anoia,08,Barcelona,08,Penedès,41.532178,1.620115,11.325,
080497,Casserres,14,Berguedà,08,Barcelona,07,Catalunya Central,42.013712,1.841712,29.196,
080500,Castellar del Riu,14,Berguedà,08,Barcelona,07,Catalunya Central,42.131042,1.708496,32.8594,
080517,Castellar del Vallès,40,Vallès Occidental,08,Barcelona,01,Barcelona,41.617268,2.08723,45.0705,
080522,Castellar de n'Hug,14,Berguedà,08,Barcelona,07,Catalunya Central,42.282879,2.017189,46.8524,
080538,Castellbell i el Vilar,07,Bages,08,Barcelona,07,Catalunya Central,41.629992,1.863881,28.4659,
080543,Castellbisbal,40,Vallès Occidental,08,Barcelona,01,Barcelona,41.474905,1.980556,30.9644,
080556,Castellcir,42,Moianès,08,Barcelona,07,Catalunya Central,41.760439,2.149716,33.9376,
080569,Castelldefels,11,Baix Llobregat,08,Barcelona,01,Barcelona,41.280472,1.97701,12.9072,
080575,Castell de l'Areny,14,Berguedà,08,Barcelona,07,Catalunya Central,42.173187,1.945379,24.5985,
080581,Castellet i la Gornal,03,Alt Penedès,08,Barcelona,08,Penedès,41.254293,1.590921,46.7762,
080594,Castellfollit del Boix,07,Bages,08,Barcelona,07,Catalunya Central,41.666758,1.683675,59.3555,
080608,Castellfollit de Riubregós,06,Anoia,08,Barcelona,07,Catalunya Central,41.776174,1.438228,26.2786,
080615,Castellgalí,07,Bages,08,Barcelona,07,Catalunya Central,41.676422,1.83972,17.1557,
080620,Castellnou de Bages,07,Bages,08,Barcelona,07,Catalunya Central,41.834282,1.837371,29.121,
080636,Castellolí,06,Anoia,08,Barcelona,08,Penedès,41.598356,1.700684,25.3393,
080641,Castellterçol,42,Moianès,08,Barcelona,07,Catalunya Central,41.751483,2.120535,31.9423,
080654,Castellví de la Marca,03,Alt Penedès,08,Barcelona,08,Penedès,41.326792,1.619222,28.6573,
080667,Castellví de Rosanes,11,Baix Llobregat,08,Barcelona,01,Barcelona,41.448785,1.900291,16.3924,
080673,Centelles,24,Osona,08,Barcelona,07,Catalunya Central,41.797509,2.219071,15.3398,
080689,Cervelló,11,Baix Llobregat,08,Barcelona,01,Barcelona,41.396107,1.959104,24.13,
080692,Collbató,11,Baix Llobregat,08,Barcelona,01,Barcelona,41.570287,1.828168,18.0568,
080706,Collsuspina,42,Moianès,08,Barcelona,07,Catalunya Central,41.825605,2.175213,15.1276,
080713,Copons,06,Anoia,08,Barcelona,08,Penedès,41.637111,1.518708,18.6889,
080728,Corbera de Llobregat,11,Baix Llobregat,08,Barcelona,01,Barcelona,41.417799,1.923042,18.2971,
080734,Cornellà de Llobregat,11,Baix Llobregat,08,Barcelona,01,Barcelona,41.355747,2.070535,6.9281,
080749,Cubelles,17,Garraf,08,Barcelona,08,Penedès,41.208313,1.672373,13.5737,
080752,Dosrius,21,Maresme,08,Barcelona,01,Barcelona,41.594342,2.406756,40.6288,
080765,Esparreguera,11,Baix Llobregat,08,Barcelona,01,Barcelona,41.539014,1.870412,27.3013,
080771,Esplugues de Llobregat,11,Baix Llobregat,08,Barcelona,01,Barcelona,41.377522,2.088005,4.5114,
080787,l'Espunyola,14,Berguedà,08,Barcelona,07,Catalunya Central,42.053127,1.769907,35.6393,
080790,l'Estany,42,Moianès,08,Barcelona,07,Catalunya Central,41.868979,2.112308,10.2438,
080804,Fígols,14,Berguedà,08,Barcelona,07,Catalunya Central,42.180897,1.836142,29.3929,
080811,Fogars de Montclús,41,Vallès Oriental,08,Barcelona,01,Barcelona,41.72792,2.443173,40.068,
080826,Fogars de la Selva,34,Selva,08,Barcelona,02,Girona,41.735011,2.671644,32.1689,
080832,Folgueroles,24,Osona,08,Barcelona,07,Catalunya Central,41.938686,2.318939,10.9284,
080847,Fonollosa,07,Bages,08,Barcelona,07,Catalunya Central,41.763393,1.668692,52.4796,
080850,Font-rubí,03,Alt Penedès,08,Barcelona,08,Penedès,41.414214,1.651765,37.1574,
080863,les Franqueses del Vallès,41,Vallès Oriental,08,Barcelona,01,Barcelona,41.636278,2.297473,29.3633,
080879,Gallifa,40,Vallès Occidental,08,Barcelona,01,Barcelona,41.693235,2.115453,16.3286,
080885,la Garriga,41,Vallès Oriental,08,Barcelona,01,Barcelona,41.685175,2.285701,19.0079,
080898,Gavà,11,Baix Llobregat,08,Barcelona,01,Barcelona,41.303158,2.003336,30.618,
080902,Gaià,07,Bages,08,Barcelona,07,Catalunya Central,41.916493,1.925645,39.3429,
080919,Gelida,03,Alt Penedès,08,Barcelona,08,Penedès,41.440769,1.863724,26.4941,
080924,Gironella,14,Berguedà,08,Barcelona,07,Catalunya Central,42.033556,1.88283,6.846,
080930,Gisclareny,14,Berguedà,08,Barcelona,07,Catalunya Central,42.249921,1.786713,36.7045,
080945,la Granada,03,Alt Penedès,08,Barcelona,08,Penedès,41.37842,1.718924,6.4314,
080958,Granera,42,Moianès,08,Barcelona,07,Catalunya Central,41.725441,2.056667,23.5727,
080961,Granollers,41,Vallès Oriental,08,Barcelona,01,Barcelona,41.607956,2.28755,14.8582,
080977,Gualba,41,Vallès Oriental,08,Barcelona,01,Barcelona,41.731552,2.50189,23.0849,
080983,Sant Salvador de Guardiola,07,Bages,08,Barcelona,07,Catalunya Central,41.679447,1.766947,37.0937,
080996,Guardiola de Berguedà,14,Berguedà,08,Barcelona,07,Catalunya Central,42.233477,1.87918,61.7385,
081000,Gurb,24,Osona,08,Barcelona,07,Catalunya Central,41.955883,2.23449,51.2188,
081017,l'Hospitalet de Llobregat,13,Barcelonès,08,Barcelona,01,Barcelona,41.359698,2.099725,12.6044,
081022,Igualada,06,Anoia,08,Barcelona,08,Penedès,41.578681,1.617229,8.1999,
081038,Jorba,06,Anoia,08,Barcelona,08,Penedès,41.601899,1.547439,31.0492,
081043,la Llacuna,06,Anoia,08,Barcelona,08,Penedès,41.472571,1.533789,52.3359,
081056,la Llagosta,41,Vallès Oriental,08,Barcelona,01,Barcelona,41.512917,2.192967,3.0197,
081069,Llinars del Vallès,41,Vallès Oriental,08,Barcelona,01,Barcelona,41.638986,2.404457,27.6978,
081075,Lliçà d'Amunt,41,Vallès Oriental,08,Barcelona,01,Barcelona,41.611092,2.23801,22.3501,
081081,Lliçà de Vall,41,Vallès Oriental,08,Barcelona,01,Barcelona,41.585998,2.239556,10.764,
081094,Lluçà,43,Lluçanès,08,Barcelona,07,Catalunya Central,42.068304,2.072504,53.2858,
081108,Malgrat de Mar,21,Maresme,08,Barcelona,01,Barcelona,41.646162,2.741868,8.7712,
081115,Malla,24,Osona,08,Barcelona,07,Catalunya Central,41.887066,2.234648,10.956,
081120,Manlleu,24,Osona,08,Barcelona,07,Catalunya Central,42.001035,2.283959,17.1674,
081136,Manresa,07,Bages,08,Barcelona,07,Catalunya Central,41.723264,1.826997,41.6383,
081141,Martorell,11,Baix Llobregat,08,Barcelona,01,Barcelona,41.47442,1.930625,12.7666,
081154,Martorelles,41,Vallès Oriental,08,Barcelona,01,Barcelona,41.525525,2.243263,3.6075,
081167,les Masies de Roda,24,Osona,08,Barcelona,07,Catalunya Central,41.989967,2.318064,16.199,
081173,les Masies de Voltregà,24,Osona,08,Barcelona,07,Catalunya Central,42.022664,2.232917,21.8278,
081189,el Masnou,21,Maresme,08,Barcelona,01,Barcelona,41.479227,2.316344,3.465,
081192,Masquefa,06,Anoia,08,Barcelona,08,Penedès,41.502196,1.811023,17.4342,
081206,Matadepera,40,Vallès Occidental,08,Barcelona,01,Barcelona,41.596819,2.026406,25.3506,
081213,Mataró,21,Maresme,08,Barcelona,01,Barcelona,41.540826,2.446259,22.4178,
081228,Mediona,03,Alt Penedès,08,Barcelona,08,Penedès,41.47748,1.611264,47.948,
081234,Molins de Rei,11,Baix Llobregat,08,Barcelona,01,Barcelona,41.413902,2.015894,15.7239,
081249,Mollet del Vallès,41,Vallès Oriental,08,Barcelona,01,Barcelona,41.536329,2.211046,10.7926,
081252,Montcada i Reixac,40,Vallès Occidental,08,Barcelona,01,Barcelona,41.486605,2.187992,23.532,
081265,Montgat,21,Maresme,08,Barcelona,01,Barcelona,41.466604,2.279058,2.8471,
081271,Monistrol de Montserrat,07,Bages,08,Barcelona,07,Catalunya Central,41.609623,1.842495,11.9055,
081287,Monistrol de Calders,42,Moianès,08,Barcelona,07,Catalunya Central,41.759848,2.01387,21.9776,
081290,Muntanyola,24,Osona,08,Barcelona,07,Catalunya Central,41.878288,2.177829,40.4734,
081304,Montclar,14,Berguedà,08,Barcelona,07,Catalunya Central,42.018182,1.76544,21.9062,
081311,Montesquiu,24,Osona,08,Barcelona,07,Catalunya Central,42.109992,2.209748,4.8438,
081326,Montmajor,14,Berguedà,08,Barcelona,07,Catalunya Central,42.017647,1.73514,76.4215,
081332,Montmaneu,06,Anoia,08,Barcelona,08,Penedès,41.625665,1.414612,13.5245,
081347,Figaró-Montmany,41,Vallès Oriental,08,Barcelona,01,Barcelona,41.721838,2.273187,14.8998,
081350,Montmeló,41,Vallès Oriental,08,Barcelona,01,Barcelona,41.551577,2.248069,3.9688,
081363,Montornès del Vallès,41,Vallès Oriental,08,Barcelona,01,Barcelona,41.544901,2.266213,10.2901,
081379,Montseny,41,Vallès Oriental,08,Barcelona,01,Barcelona,41.759158,2.39491,26.5448,
081385,Moià,42,Moianès,08,Barcelona,07,Catalunya Central,41.813056,2.097144,75.5357,
081398,Mura,07,Bages,08,Barcelona,07,Catalunya Central,41.699573,1.976205,47.8808,
081402,Navarcles,07,Bages,08,Barcelona,07,Catalunya Central,41.751618,1.903757,5.5145,
081419,Navàs,07,Bages,08,Barcelona,07,Catalunya Central,41.899947,1.878918,80.6239,
081424,la Nou de Berguedà,14,Berguedà,08,Barcelona,07,Catalunya Central,42.165761,1.884874,25.1142,
081430,Òdena,06,Anoia,08,Barcelona,08,Penedès,41.60635,1.642397,52.0926,
081445,Olvan,14,Berguedà,08,Barcelona,07,Catalunya Central,42.057078,1.90498,35.6455,
081458,Olèrdola,03,Alt Penedès,08,Barcelona,08,Penedès,41.320164,1.722926,29.915,
081461,Olesa de Bonesvalls,03,Alt Penedès,08,Barcelona,08,Penedès,41.351795,1.850525,31.09,
081477,Olesa de Montserrat,11,Baix Llobregat,08,Barcelona,01,Barcelona,41.545593,1.893095,16.626,
081483,Olivella,17,Garraf,08,Barcelona,08,Penedès,41.310399,1.81099,38.7636,
081496,Olost,43,Lluçanès,08,Barcelona,07,Catalunya Central,41.986027,2.095915,29.0373,
081509,Orís,24,Osona,08,Barcelona,07,Catalunya Central,42.058103,2.239268,27.0215,
081516,Oristà,43,Lluçanès,08,Barcelona,07,Catalunya Central,41.932248,2.060737,68.5925,
081521,Orpí,06,Anoia,08,Barcelona,08,Penedès,41.528655,1.606865,15.3009,
081537,Òrrius,21,Maresme,08,Barcelona,01,Barcelona,41.555105,2.354759,5.5666,
081542,Pacs del Penedès,03,Alt Penedès,08,Barcelona,08,Penedès,41.362004,1.669486,6.1169,
081555,Palafolls,21,Maresme,08,Barcelona,01,Barcelona,41.666963,2.749379,16.4834,
081568,Palau-solità i Plegamans,40,Vallès Occidental,08,Barcelona,01,Barcelona,41.587378,2.17857,14.9736,
081574,Pallejà,11,Baix Llobregat,08,Barcelona,01,Barcelona,41.421431,1.996615,8.4283,
081580,el Papiol,11,Baix Llobregat,08,Barcelona,01,Barcelona,41.438999,2.01062,8.8475,
081593,Parets del Vallès,41,Vallès Oriental,08,Barcelona,01,Barcelona,41.573058,2.234375,9.125,
081607,Perafita,43,Lluçanès,08,Barcelona,07,Catalunya Central,42.042262,2.106796,19.7612,
081614,Piera,06,Anoia,08,Barcelona,08,Penedès,41.517654,1.742556,57.1897,
081629,els Hostalets de Pierola,06,Anoia,08,Barcelona,08,Penedès,41.534759,1.769372,33.3865,
081635,Pineda de Mar,21,Maresme,08,Barcelona,01,Barcelona,41.627442,2.689338,10.1792,
081640,el Pla del Penedès,03,Alt Penedès,08,Barcelona,08,Penedès,41.41751,1.712947,9.3894,
081653,la Pobla de Claramunt,06,Anoia,08,Barcelona,08,Penedès,41.554205,1.674781,18.5425,
081666,la Pobla de Lillet,14,Berguedà,08,Barcelona,07,Catalunya Central,42.244149,1.974162,51.5344,
081672,Polinyà,40,Vallès Occidental,08,Barcelona,01,Barcelona,41.557633,2.156559,8.914,
081688,Pontons,03,Alt Penedès,08,Barcelona,08,Penedès,41.415632,1.516827,25.7726,
081691,el Prat de Llobregat,11,Baix Llobregat,08,Barcelona,01,Barcelona,41.330513,2.093103,33.4473,
081705,els Prats de Rei,06,Anoia,08,Barcelona,07,Catalunya Central,41.705429,1.541727,26.0131,
081712,Prats de Lluçanès,43,Lluçanès,08,Barcelona,07,Catalunya Central,42.008975,2.029558,13.5442,
081727,Premià de Mar,21,Maresme,08,Barcelona,01,Barcelona,41.492392,2.358107,2.1098,
081748,Puigdàlber,03,Alt Penedès,08,Barcelona,08,Penedès,41.404407,1.700908,0.6281,
081751,Puig-reig,14,Berguedà,08,Barcelona,07,Catalunya Central,41.974739,1.878838,45.8567,
081764,Pujalt,06,Anoia,08,Barcelona,07,Catalunya Central,41.717144,1.420825,31.5053,
081770,la Quar,14,Berguedà,08,Barcelona,07,Catalunya Central,42.081016,1.96165,38.0898,
081786,Rajadell,07,Bages,08,Barcelona,07,Catalunya Central,41.728041,1.706016,45.5254,
081799,Rellinars,40,Vallès Occidental,08,Barcelona,01,Barcelona,41.637353,1.910811,17.8302,
081803,Ripollet,40,Vallès Occidental,08,Barcelona,01,Barcelona,41.497105,2.155082,4.3286,
081810,la Roca del Vallès,41,Vallès Oriental,08,Barcelona,01,Barcelona,41.587437,2.325707,37.0352,
081825,el Pont de Vilomara i Rocafort,07,Bages,08,Barcelona,07,Catalunya Central,41.699968,1.870648,27.3584,
081831,Roda de Ter,24,Osona,08,Barcelona,07,Catalunya Central,41.981009,2.309407,2.2256,
081846,Rubí,40,Vallès Occidental,08,Barcelona,01,Barcelona,41.492308,2.031154,32.299,
081859,Rubió,06,Anoia,08,Barcelona,08,Penedès,41.644454,1.569969,47.9963,
081878,Sabadell,40,Vallès Occidental,08,Barcelona,01,Barcelona,41.54622,2.108276,37.8618,
081884,Sagàs,14,Berguedà,08,Barcelona,07,Catalunya Central,42.051927,1.963009,44.9675,
081897,Sant Pere Sallavinera,06,Anoia,08,Barcelona,07,Catalunya Central,41.736691,1.575372,22.0163,
081901,Saldes,14,Berguedà,08,Barcelona,07,Catalunya Central,42.228659,1.735385,66.5905,
081918,Sallent,07,Bages,08,Barcelona,07,Catalunya Central,41.824352,1.896504,65.1703,
081923,Santpedor,07,Bages,08,Barcelona,07,Catalunya Central,41.78307,1.839202,16.7293,
081939,Sant Iscle de Vallalta,21,Maresme,08,Barcelona,01,Barcelona,41.624424,2.568723,17.8729,
081944,Sant Adrià de Besòs,13,Barcelonès,08,Barcelona,01,Barcelona,41.430585,2.218174,3.8121,
081957,Sant Agustí de Lluçanès,24,Osona,08,Barcelona,07,Catalunya Central,42.085002,2.127137,13.5722,
081960,Sant Andreu de la Barca,11,Baix Llobregat,08,Barcelona,01,Barcelona,41.446816,1.975557,5.6202,
081976,Sant Andreu de Llavaneres,21,Maresme,08,Barcelona,01,Barcelona,41.574421,2.483268,11.9104,
081982,Sant Antoni de Vilamajor,41,Vallès Oriental,08,Barcelona,01,Barcelona,41.673531,2.401225,13.8251,
081995,Sant Bartomeu del Grau,24,Osona,08,Barcelona,07,Catalunya Central,41.981046,2.174858,34.6333,
082009,Sant Boi de Llobregat,11,Baix Llobregat,08,Barcelona,01,Barcelona,41.346778,2.045211,21.5289,
082016,Sant Boi de Lluçanès,24,Osona,08,Barcelona,07,Catalunya Central,42.057126,2.151867,20.039,
082021,Sant Celoni,41,Vallès Oriental,08,Barcelona,01,Barcelona,41.689975,2.49201,65.215,
082037,Sant Cebrià de Vallalta,21,Maresme,08,Barcelona,01,Barcelona,41.619754,2.59966,15.7033,
082042,Sant Climent de Llobregat,11,Baix Llobregat,08,Barcelona,01,Barcelona,41.337675,1.996036,10.7745,
082055,Sant Cugat del Vallès,40,Vallès Occidental,08,Barcelona,01,Barcelona,41.470805,2.08493,48.2427,
082068,Sant Cugat Sesgarrigues,03,Alt Penedès,08,Barcelona,08,Penedès,41.364372,1.75283,6.2831,
082074,Sant Esteve de Palautordera,41,Vallès Oriental,08,Barcelona,01,Barcelona,41.702551,2.436821,10.6401,
082080,Sant Esteve Sesrovires,11,Baix Llobregat,08,Barcelona,01,Barcelona,41.493444,1.873842,18.5366,
082093,Sant Fost de Campsentelles,41,Vallès Oriental,08,Barcelona,01,Barcelona,41.518798,2.232603,13.1836,
082107,Sant Feliu de Codines,41,Vallès Oriental,08,Barcelona,01,Barcelona,41.688845,2.16408,15.0199,
082114,Sant Feliu de Llobregat,11,Baix Llobregat,08,Barcelona,01,Barcelona,41.3809,2.045552,11.9548,
082129,Sant Feliu Sasserra,07,Bages,08,Barcelona,07,Catalunya Central,41.944378,2.022429,23.0713,
082135,Sant Fruitós de Bages,07,Bages,08,Barcelona,07,Catalunya Central,41.750831,1.873697,22.1395,
082140,Vilassar de Dalt,21,Maresme,08,Barcelona,01,Barcelona,41.517205,2.358406,9.0122,
082153,Sant Hipòlit de Voltregà,24,Osona,08,Barcelona,07,Catalunya Central,42.015333,2.236422,0.941,
082166,Sant Jaume de Frontanyà,14,Berguedà,08,Barcelona,07,Catalunya Central,42.187287,2.02379,21.271,
082172,Sant Joan Despí,11,Baix Llobregat,08,Barcelona,01,Barcelona,41.367027,2.05604,6.2232,
082188,Sant Joan de Vilatorrada,07,Bages,08,Barcelona,07,Catalunya Central,41.745485,1.804859,16.4246,
082191,Vilassar de Mar,21,Maresme,08,Barcelona,01,Barcelona,41.502293,2.3926,3.9929,
082205,Sant Julià de Vilatorta,24,Osona,08,Barcelona,07,Catalunya Central,41.921926,2.325099,16.1837,
082212,Sant Just Desvern,11,Baix Llobregat,08,Barcelona,01,Barcelona,41.385986,2.075766,7.7758,
082227,Sant Llorenç d'Hortons,03,Alt Penedès,08,Barcelona,08,Penedès,41.467115,1.824509,19.4175,
082233,Sant Llorenç Savall,40,Vallès Occidental,08,Barcelona,01,Barcelona,41.678725,2.05831,41.2835,
082248,Sant Martí de Centelles,24,Osona,08,Barcelona,07,Catalunya Central,41.765624,2.204583,25.8741,
082251,Sant Martí d'Albars,43,Lluçanès,08,Barcelona,07,Catalunya Central,42.028267,2.073873,14.6311,
082264,Sant Martí de Tous,06,Anoia,08,Barcelona,08,Penedès,41.559869,1.524537,38.9412,
082270,Sant Martí Sarroca,03,Alt Penedès,08,Barcelona,08,Penedès,41.38477,1.611535,35.2108,
082286,Sant Martí Sesgueioles,06,Anoia,08,Barcelona,07,Catalunya Central,41.702306,1.488299,3.8636,
082299,Sant Mateu de Bages,07,Bages,08,Barcelona,07,Catalunya Central,41.796653,1.732732,102.1706,
082303,Premià de Dalt,21,Maresme,08,Barcelona,01,Barcelona,41.507274,2.341978,6.4649,
082310,Sant Pere de Ribes,17,Garraf,08,Barcelona,08,Penedès,41.262268,1.772091,40.8368,
082325,Sant Pere de Riudebitlles,03,Alt Penedès,08,Barcelona,08,Penedès,41.454024,1.702994,5.4686,
082331,Sant Pere de Torelló,24,Osona,08,Barcelona,07,Catalunya Central,42.075015,2.296791,54.9573,
082346,Sant Pere de Vilamajor,41,Vallès Oriental,08,Barcelona,01,Barcelona,41.684148,2.388374,34.3674,
082359,Sant Pol de Mar,21,Maresme,08,Barcelona,01,Barcelona,41.60021,2.621423,7.459,
082362,Sant Quintí de Mediona,03,Alt Penedès,08,Barcelona,08,Penedès,41.462181,1.662972,13.836,
082378,Sant Quirze de Besora,24,Osona,08,Barcelona,07,Catalunya Central,42.100159,2.222831,8.1521,
082384,Sant Quirze del Vallès,40,Vallès Occidental,08,Barcelona,01,Barcelona,41.533104,2.080789,14.0723,
082397,Sant Quirze Safaja,42,Moianès,08,Barcelona,07,Catalunya Central,41.727989,2.155008,25.845,
082401,Sant Sadurní d'Anoia,03,Alt Penedès,08,Barcelona,08,Penedès,41.424097,1.786539,18.9414,
082418,Sant Sadurní d'Osormort,24,Osona,08,Barcelona,07,Catalunya Central,41.901918,2.381486,30.6645,
082423,Marganell,07,Bages,08,Barcelona,07,Catalunya Central,41.640967,1.789319,13.3455,
082439,Santa Cecília de Voltregà,24,Osona,08,Barcelona,07,Catalunya Central,41.993142,2.222287,8.8051,
082444,Santa Coloma de Cervelló,11,Baix Llobregat,08,Barcelona,01,Barcelona,41.367404,2.015794,7.4108,
082457,Santa Coloma de Gramenet,13,Barcelonès,08,Barcelona,01,Barcelona,41.451786,2.208136,7.0396,
082460,Santa Eugènia de Berga,24,Osona,08,Barcelona,07,Catalunya Central,41.900188,2.283162,6.9798,
082476,Santa Eulàlia de Riuprimer,24,Osona,08,Barcelona,07,Catalunya Central,41.911011,2.18812,13.8908,
082482,Santa Eulàlia de Ronçana,41,Vallès Oriental,08,Barcelona,01,Barcelona,41.652489,2.22954,14.1295,
082495,Santa Fe del Penedès,03,Alt Penedès,08,Barcelona,08,Penedès,41.384545,1.720947,3.376,
082508,Santa Margarida de Montbui,06,Anoia,08,Barcelona,08,Penedès,41.575157,1.607754,27.603,
082515,Santa Margarida i els Monjos,03,Alt Penedès,08,Barcelona,08,Penedès,41.322391,1.663444,17.4384,
082520,Barberà del Vallès,40,Vallès Occidental,08,Barcelona,01,Barcelona,41.516083,2.124596,8.2016,
082536,Santa Maria de Besora,24,Osona,08,Barcelona,07,Catalunya Central,42.126812,2.257911,24.914,
082541,l'Esquirol,24,Osona,08,Barcelona,07,Catalunya Central,42.034828,2.370095,61.7969,
082554,Santa Maria de Merlès,14,Berguedà,08,Barcelona,07,Catalunya Central,42.001016,1.978038,51.1588,
082567,Santa Maria de Martorelles,41,Vallès Oriental,08,Barcelona,01,Barcelona,41.519617,2.25326,4.4597,
082573,Santa Maria de Miralles,06,Anoia,08,Barcelona,08,Penedès,41.518079,1.52499,25.3206,
082589,Santa Maria d'Oló,42,Moianès,08,Barcelona,07,Catalunya Central,41.87382,2.035605,66.0811,
082592,Santa Maria de Palautordera,41,Vallès Oriental,08,Barcelona,01,Barcelona,41.693238,2.445888,16.952,
082606,Santa Perpètua de Mogoda,40,Vallès Occidental,08,Barcelona,01,Barcelona,41.534919,2.18317,15.623,
082613,Santa Susanna,21,Maresme,08,Barcelona,01,Barcelona,41.635421,2.70755,12.6355,
082628,Sant Vicenç de Castellet,07,Bages,08,Barcelona,07,Catalunya Central,41.665518,1.863883,17.2984,
082634,Sant Vicenç dels Horts,11,Baix Llobregat,08,Barcelona,01,Barcelona,41.393392,2.009983,9.2937,
082649,Sant Vicenç de Montalt,21,Maresme,08,Barcelona,01,Barcelona,41.578334,2.509331,7.9573,
082652,Sant Vicenç de Torelló,24,Osona,08,Barcelona,07,Catalunya Central,42.061435,2.273774,6.5878,
082665,Cerdanyola del Vallès,40,Vallès Occidental,08,Barcelona,01,Barcelona,41.491307,2.140572,30.8099,
082671,Sentmenat,40,Vallès Occidental,08,Barcelona,01,Barcelona,41.608665,2.135428,28.3913,
082687,Cercs,14,Berguedà,08,Barcelona,07,Catalunya Central,42.145985,1.860749,47.0173,
082690,Seva,24,Osona,08,Barcelona,07,Catalunya Central,41.838854,2.279824,30.462,
082704,Sitges,17,Garraf,08,Barcelona,08,Penedès,41.234907,1.811618,43.9412,
082711,Sobremunt,43,Lluçanès,08,Barcelona,07,Catalunya Central,42.036039,2.166952,13.8398,
082726,Sora,24,Osona,08,Barcelona,07,Catalunya Central,42.112524,2.160576,30.8421,
082732,Subirats,03,Alt Penedès,08,Barcelona,08,Penedès,41.383509,1.796184,55.8192,
082747,Súria,07,Bages,08,Barcelona,07,Catalunya Central,41.831241,1.754309,23.6008,
082750,Tavèrnoles,24,Osona,08,Barcelona,07,Catalunya Central,41.952072,2.326493,18.8823,
082763,Tagamanent,41,Vallès Oriental,08,Barcelona,01,Barcelona,41.737632,2.267121,43.4706,
082779,Talamanca,07,Bages,08,Barcelona,07,Catalunya Central,41.738157,1.97725,29.302,
082785,Taradell,24,Osona,08,Barcelona,07,Catalunya Central,41.874139,2.28757,26.5932,
082798,Terrassa,40,Vallès Occidental,08,Barcelona,01,Barcelona,41.563415,2.010333,70.0553,
082802,Tavertet,24,Osona,08,Barcelona,07,Catalunya Central,41.99573,2.419269,32.7661,
082819,Teià,21,Maresme,08,Barcelona,01,Barcelona,41.499634,2.319523,6.6813,
082824,Tiana,21,Maresme,08,Barcelona,01,Barcelona,41.48189,2.268903,7.8991,
082830,Tona,24,Osona,08,Barcelona,07,Catalunya Central,41.850312,2.228561,16.3905,
082845,Tordera,21,Maresme,08,Barcelona,01,Barcelona,41.701603,2.718242,84.4389,
082858,Torelló,24,Osona,08,Barcelona,07,Catalunya Central,42.046726,2.262806,13.5064,
082861,la Torre de Claramunt,06,Anoia,08,Barcelona,08,Penedès,41.533523,1.658337,14.938,
082877,Torrelavit,03,Alt Penedès,08,Barcelona,08,Penedès,41.446417,1.729599,23.6183,
082883,Torrelles de Foix,03,Alt Penedès,08,Barcelona,08,Penedès,41.388311,1.568746,37.0236,
082896,Torrelles de Llobregat,11,Baix Llobregat,08,Barcelona,01,Barcelona,41.358939,1.981156,13.5409,
082900,Ullastrell,40,Vallès Occidental,08,Barcelona,01,Barcelona,41.528666,1.959822,7.4248,
082917,Vacarisses,40,Vallès Occidental,08,Barcelona,01,Barcelona,41.607228,1.917909,40.6264,
082922,Vallbona d'Anoia,06,Anoia,08,Barcelona,08,Penedès,41.518727,1.707672,6.428,
082938,Vallcebre,14,Berguedà,08,Barcelona,07,Catalunya Central,42.203939,1.818215,28.0453,
082943,Vallgorguina,41,Vallès Oriental,08,Barcelona,01,Barcelona,41.647413,2.510551,22.1298,
082956,Vallirana,11,Baix Llobregat,08,Barcelona,01,Barcelona,41.388007,1.931889,23.7183,
082969,Vallromanes,41,Vallès Oriental,08,Barcelona,01,Barcelona,41.531563,2.297941,10.5701,
082975,Veciana,06,Anoia,08,Barcelona,07,Catalunya Central,41.65613,1.488401,38.9572,
082981,Vic,24,Osona,08,Barcelona,07,Catalunya Central,41.93049,2.25434,30.9079,
082994,Vilada,14,Berguedà,08,Barcelona,07,Catalunya Central,42.137111,1.931538,22.2131,
083008,Viladecavalls,40,Vallès Occidental,08,Barcelona,01,Barcelona,41.554859,1.953784,19.9683,
083015,Viladecans,11,Baix Llobregat,08,Barcelona,01,Barcelona,41.31579,2.020401,20.3479,
083020,Vilanova del Camí,06,Anoia,08,Barcelona,08,Penedès,41.571941,1.635338,10.4793,
083036,Vilanova de Sau,24,Osona,08,Barcelona,07,Catalunya Central,41.948381,2.386964,57.9842,
083041,Vilobí del Penedès,03,Alt Penedès,08,Barcelona,08,Penedès,41.38917,1.661514,9.4148,
083054,Vilafranca del Penedès,03,Alt Penedès,08,Barcelona,08,Penedès,41.346408,1.698173,19.8909,
083067,Vilalba Sasserra,41,Vallès Oriental,08,Barcelona,01,Barcelona,41.652725,2.441078,5.8411,
083073,Vilanova i la Geltrú,17,Garraf,08,Barcelona,08,Penedès,41.224267,1.72592,34.0708,
083089,Viver i Serrateix,14,Berguedà,08,Barcelona,07,Catalunya Central,41.94607,1.776308,67.1703,
089019,Rupit i Pruit,24,Osona,08,Barcelona,07,Catalunya Central,42.02356,2.464781,49.1275,
089024,Vilanova del Vallès,41,Vallès Oriental,08,Barcelona,01,Barcelona,41.554177,2.28915,15.1057,
089030,Sant Julià de Cerdanyola,14,Berguedà,08,Barcelona,07,Catalunya Central,42.223669,1.892847,11.8483,
089045,Badia del Vallès,40,Vallès Occidental,08,Barcelona,01,Barcelona,41.509071,2.113347,0.9315,
089058,la Palma de Cervelló,11,Baix Llobregat,08,Barcelona,01,Barcelona,41.411896,1.970124,5.3899,
170010,Agullana,02,Alt Empordà,17,Girona,02,Girona,42.393805,2.84667,27.3932,
170025,Aiguaviva,20,Gironès,17,Girona,02,Girona,41.938318,2.761759,13.973,
170031,Albanyà,02,Alt Empordà,17,Girona,02,Girona,42.30428,2.719863,94.197,
170046,Albons,10,Baix Empordà,17,Girona,02,Girona,42.104398,3.085289,11.3212,
170059,el Far d'Empordà,02,Alt Empordà,17,Girona,02,Girona,42.25168,2.996235,9.127,
170062,Alp,15,Cerdanya,17,Girona,06,Alt Pirineu,42.372563,1.885389,43.952,
170078,Amer,34,Selva,17,Girona,02,Girona,42.009245,2.603019,39.897,
170084,Anglès,34,Selva,17,Girona,02,Girona,41.957446,2.640059,16.3171,
170097,Arbúcies,34,Selva,17,Girona,02,Girona,41.816081,2.514168,86.3426,
170101,Argelaguer,19,Garrotxa,17,Girona,02,Girona,42.213178,2.641584,12.6236,
170118,l'Armentera,02,Alt Empordà,17,Girona,02,Girona,42.172101,3.074524,5.8453,
170123,Avinyonet de Puigventós,02,Alt Empordà,17,Girona,02,Girona,42.249535,2.914702,12.4057,
170139,Begur,10,Baix Empordà,17,Girona,02,Girona,41.954338,3.207073,20.8482,
170144,la Vajol,02,Alt Empordà,17,Girona,02,Girona,42.403802,2.800194,4.7697,
170157,Banyoles,28,Pla de l'Estany,17,Girona,02,Girona,42.118106,2.765371,11.0146,
170160,Bàscara,02,Alt Empordà,17,Girona,02,Girona,42.159736,2.910445,16.7994,
170182,Bellcaire d'Empordà,10,Baix Empordà,17,Girona,02,Girona,42.08076,3.094271,12.6335,
170195,Besalú,19,Garrotxa,17,Girona,02,Girona,42.198892,2.699512,4.6903,
170209,Bescanó,20,Gironès,17,Girona,02,Girona,41.9656,2.742169,36.0887,
170216,Beuda,19,Garrotxa,17,Girona,02,Girona,42.237053,2.709516,36.1713,
170221,la Bisbal d'Empordà,10,Baix Empordà,17,Girona,02,Girona,41.959697,3.03855,20.7204,
170237,Blanes,34,Selva,17,Girona,02,Girona,41.675766,2.792407,17.6953,
170242,Bolvir,15,Cerdanya,17,Girona,06,Alt Pirineu,42.41782,1.879891,10.8626,
170255,Bordils,20,Gironès,17,Girona,02,Girona,42.040898,2.913191,6.9876,
170268,Borrassà,02,Alt Empordà,17,Girona,02,Girona,42.222795,2.926309,9.5151,
170274,Breda,34,Selva,17,Girona,02,Girona,41.748539,2.556952,5.0155,
170280,Brunyola i Sant Martí Sapresa,34,Selva,17,Girona,02,Girona,41.904551,2.684297,36.7663,
170293,Boadella i les Escaules,02,Alt Empordà,17,Girona,02,Girona,42.329914,2.856271,10.688,
170307,Cabanes,02,Alt Empordà,17,Girona,02,Girona,42.307,2.978283,14.9551,
170314,Cabanelles,02,Alt Empordà,17,Girona,02,Girona,42.230848,2.819698,55.9924,
170329,Cadaqués,02,Alt Empordà,17,Girona,02,Girona,42.288087,3.27587,26.3716,
170335,Caldes de Malavella,34,Selva,17,Girona,02,Girona,41.8389,2.809537,56.9372,
170340,Calonge i Sant Antoni,10,Baix Empordà,17,Girona,02,Girona,41.862665,3.073652,33.5645,
170353,Camós,28,Pla de l'Estany,17,Girona,02,Girona,42.094171,2.767199,15.5684,
170366,Campdevànol,31,Ripollès,17,Girona,02,Girona,42.224468,2.167213,32.6287,
170372,Campelles,31,Ripollès,17,Girona,02,Girona,42.29423,2.140128,18.6977,
170388,Campllong,20,Gironès,17,Girona,02,Girona,41.890756,2.830076,8.4858,
170391,Camprodon,31,Ripollès,17,Girona,02,Girona,42.311742,2.365078,103.5336,
170405,Canet d'Adri,20,Gironès,17,Girona,02,Girona,42.033424,2.737025,44.6209,
170412,Cantallops,02,Alt Empordà,17,Girona,02,Girona,42.422008,2.925319,19.4738,
170427,Capmany,02,Alt Empordà,17,Girona,02,Girona,42.372493,2.921023,26.3093,
170433,Queralbs,31,Ripollès,17,Girona,02,Girona,42.348583,2.162746,93.4993,
170448,Cassà de la Selva,20,Gironès,17,Girona,02,Girona,41.887382,2.874239,45.3943,
170464,Castellfollit de la Roca,19,Garrotxa,17,Girona,02,Girona,42.219268,2.550076,0.7259,
170470,Castelló d'Empúries,02,Alt Empordà,17,Girona,02,Girona,42.258324,3.074434,42.1914,
170486,"Castell d'Aro, Platja d'Aro i s'Agaró",10,Baix Empordà,17,Girona,02,Girona,41.817468,3.068418,21.6708,
170499,Celrà,20,Gironès,17,Girona,02,Girona,42.024691,2.878947,19.6786,
170502,Cervià de Ter,20,Gironès,17,Girona,02,Girona,42.067712,2.90965,10.0858,
170519,Cistella,02,Alt Empordà,17,Girona,02,Girona,42.268681,2.847275,25.5607,
170524,Siurana,02,Alt Empordà,17,Girona,02,Girona,42.209474,2.99411,10.5072,
170545,Colera,02,Alt Empordà,17,Girona,02,Girona,42.403849,3.150766,24.2299,
170558,Colomers,10,Baix Empordà,17,Girona,02,Girona,42.084172,2.987595,4.2865,
170561,Cornellà del Terri,28,Pla de l'Estany,17,Girona,02,Girona,42.090026,2.816021,27.8294,
170577,Corçà,10,Baix Empordà,17,Girona,02,Girona,41.989412,3.017835,16.1276,
170583,Crespià,28,Pla de l'Estany,17,Girona,02,Girona,42.187122,2.79848,11.3092,
170600,Darnius,02,Alt Empordà,17,Girona,02,Girona,42.368553,2.831958,34.8834,
170617,Das,15,Cerdanya,17,Girona,06,Alt Pirineu,42.361092,1.870125,14.6264,
170622,l'Escala,02,Alt Empordà,17,Girona,02,Girona,42.12479,3.132502,16.2352,
170638,Espinelves,24,Osona,17,Girona,07,Catalunya Central,41.868981,2.417266,17.4854,
170643,Espolla,02,Alt Empordà,17,Girona,02,Girona,42.391085,3.000866,43.3736,
170656,Esponellà,28,Pla de l'Estany,17,Girona,02,Girona,42.178934,2.795073,15.7668,
170669,Figueres,02,Alt Empordà,17,Girona,02,Girona,42.267253,2.960797,18.9829,
170675,Flaçà,20,Gironès,17,Girona,02,Girona,42.047074,2.957735,6.9456,
170681,Foixà,10,Baix Empordà,17,Girona,02,Girona,42.039661,2.996546,18.4486,
170694,Fontanals de Cerdanya,15,Cerdanya,17,Girona,06,Alt Pirineu,42.384929,1.899374,28.6806,
170708,Fontanilles,10,Baix Empordà,17,Girona,02,Girona,42.009948,3.107097,9.5141,
170715,Fontcoberta,28,Pla de l'Estany,17,Girona,02,Girona,42.142955,2.789083,17.0778,
170736,Fornells de la Selva,20,Gironès,17,Girona,02,Girona,41.93092,2.812238,11.6728,
170741,Fortià,02,Alt Empordà,17,Girona,02,Girona,42.242008,3.040705,10.7128,
170754,Garrigàs,02,Alt Empordà,17,Girona,02,Girona,42.193424,2.954079,19.8362,
170767,Garrigoles,10,Baix Empordà,17,Girona,02,Girona,42.107574,3.030873,8.9874,
170773,Garriguella,02,Alt Empordà,17,Girona,02,Girona,42.34228,3.064274,20.8945,
170789,Ger,15,Cerdanya,17,Girona,06,Alt Pirineu,42.410766,1.844214,32.7635,
170792,Girona,20,Gironès,17,Girona,02,Girona,41.983191,2.824666,38.8497,
170806,Gombrèn,31,Ripollès,17,Girona,02,Girona,42.248327,2.090997,43.2706,
170813,Gualta,10,Baix Empordà,17,Girona,02,Girona,42.028501,3.103552,9.0155,
170828,Guils de Cerdanya,15,Cerdanya,17,Girona,06,Alt Pirineu,42.448538,1.879406,21.8921,
170834,Hostalric,34,Selva,17,Girona,02,Girona,41.745993,2.636837,3.3912,
170849,Isòvol,15,Cerdanya,17,Girona,06,Alt Pirineu,42.397593,1.837361,10.5034,
170852,Jafre,10,Baix Empordà,17,Girona,02,Girona,42.071976,3.010617,6.6308,
170865,la Jonquera,02,Alt Empordà,17,Girona,02,Girona,42.417416,2.874256,57.5581,
170871,Juià,20,Gironès,17,Girona,02,Girona,42.017117,2.906799,8.304,
170887,Lladó,02,Alt Empordà,17,Girona,02,Girona,42.247606,2.813803,13.6187,
170890,Llagostera,20,Gironès,17,Girona,02,Girona,41.828913,2.892017,77.0048,
170904,Llambilles,20,Gironès,17,Girona,02,Girona,41.921103,2.859511,14.8784,
170911,Llanars,31,Ripollès,17,Girona,02,Girona,42.320443,2.343989,24.6487,
170926,Llançà,02,Alt Empordà,17,Girona,02,Girona,42.36326,3.152032,27.9415,
170932,Llers,02,Alt Empordà,17,Girona,02,Girona,42.295409,2.912353,21.1355,
170947,Llívia,15,Cerdanya,17,Girona,06,Alt Pirineu,42.464475,1.980855,12.9783,
170950,Lloret de Mar,34,Selva,17,Girona,02,Girona,41.699466,2.847167,48.4746,
170963,les Llosses,31,Ripollès,17,Girona,02,Girona,42.150546,2.116808,114.4344,
170979,Madremanya,20,Gironès,17,Girona,02,Girona,41.990074,2.95724,13.5914,
170985,Maià de Montcal,19,Garrotxa,17,Girona,02,Girona,42.222323,2.742129,17.2205,
170998,Meranges,15,Cerdanya,17,Girona,06,Alt Pirineu,42.446185,1.786869,37.9267,
171002,Masarac i Vilarnadal,02,Alt Empordà,17,Girona,02,Girona,42.350722,2.972776,12.5788,
171019,Massanes,34,Selva,17,Girona,02,Girona,41.765902,2.651779,25.8947,
171024,Maçanet de Cabrenys,02,Alt Empordà,17,Girona,02,Girona,42.385936,2.748068,67.728,
171030,Maçanet de la Selva,34,Selva,17,Girona,02,Girona,41.777449,2.730836,45.6875,
171058,Mieres,19,Garrotxa,17,Girona,02,Girona,42.123056,2.638125,26.1187,
171061,Mollet de Peralada,02,Alt Empordà,17,Girona,02,Girona,42.35981,2.999774,6.1127,
171077,Molló,31,Ripollès,17,Girona,02,Girona,42.346775,2.404611,43.1384,
171096,Montagut i Oix,19,Garrotxa,17,Girona,02,Girona,42.231338,2.596321,93.3971,
171100,Mont-ras,10,Baix Empordà,17,Girona,02,Girona,41.909154,3.14323,12.4159,
171117,Navata,02,Alt Empordà,17,Girona,02,Girona,42.223773,2.860683,18.4044,
171122,Ogassa,31,Ripollès,17,Girona,02,Girona,42.26595,2.276852,45.4324,
171143,Olot,19,Garrotxa,17,Girona,02,Girona,42.182577,2.489741,29.031,
171156,Ordis,02,Alt Empordà,17,Girona,02,Girona,42.218617,2.90674,8.5227,
171169,Osor,34,Selva,17,Girona,02,Girona,41.94547,2.557488,51.535,
171175,Palafrugell,10,Baix Empordà,17,Girona,02,Girona,41.91484,3.164039,26.8951,
171181,Palamós,10,Baix Empordà,17,Girona,02,Girona,41.846788,3.129378,13.9442,
171194,Palau de Santa Eulàlia,02,Alt Empordà,17,Girona,02,Girona,42.173311,2.964614,8.6923,
171208,Palau-saverdera,02,Alt Empordà,17,Girona,02,Girona,42.308042,3.150017,16.5968,
171215,Palau-sator,10,Baix Empordà,17,Girona,02,Girona,41.989367,3.110516,12.3636,
171236,Palol de Revardit,28,Pla de l'Estany,17,Girona,02,Girona,42.069884,2.796199,18.0676,
171241,Pals,10,Baix Empordà,17,Girona,02,Girona,41.970993,3.144941,25.7504,
171254,Pardines,31,Ripollès,17,Girona,02,Girona,42.31222,2.213526,31.3988,
171267,Parlavà,10,Baix Empordà,17,Girona,02,Girona,42.022145,3.029928,6.2131,
171289,Pau,02,Alt Empordà,17,Girona,02,Girona,42.315816,3.116169,10.5455,
171292,Pedret i Marzà,02,Alt Empordà,17,Girona,02,Girona,42.310801,3.067522,8.6156,
171306,la Pera,10,Baix Empordà,17,Girona,02,Girona,42.020413,2.973315,11.9235,
171328,Peralada,02,Alt Empordà,17,Girona,02,Girona,42.308241,3.008139,43.919,
171334,les Planes d'Hostoles,19,Garrotxa,17,Girona,02,Girona,42.055535,2.537176,37.4524,
171349,Planoles,31,Ripollès,17,Girona,02,Girona,42.316283,2.103769,18.7428,
171352,Pont de Molins,02,Alt Empordà,17,Girona,02,Girona,42.314591,2.925691,8.6224,
171365,Pontós,02,Alt Empordà,17,Girona,02,Girona,42.186656,2.916567,13.4628,
171371,Porqueres,28,Pla de l'Estany,17,Girona,02,Girona,42.107232,2.783509,33.7064,
171387,Portbou,02,Alt Empordà,17,Girona,02,Girona,42.425863,3.158606,9.2401,
171390,les Preses,19,Garrotxa,17,Girona,02,Girona,42.141183,2.461175,9.3924,
171404,el Port de la Selva,02,Alt Empordà,17,Girona,02,Girona,42.338431,3.204722,41.3627,
171411,Puigcerdà,15,Cerdanya,17,Girona,06,Alt Pirineu,42.431239,1.927165,18.7378,
171426,Quart,20,Gironès,17,Girona,02,Girona,41.939793,2.839872,38.107,
171432,Rabós,02,Alt Empordà,17,Girona,02,Girona,42.379064,3.028525,45.246,
171447,Regencós,10,Baix Empordà,17,Girona,02,Girona,41.952446,3.16989,6.2729,
171450,Ribes de Freser,31,Ripollès,17,Girona,02,Girona,42.306166,2.167638,41.5563,
171463,Riells i Viabrea,34,Selva,17,Girona,02,Girona,41.725202,2.558162,27.0676,
171479,Ripoll,31,Ripollès,17,Girona,02,Girona,42.200867,2.190587,73.6313,
171485,Riudarenes,34,Selva,17,Girona,02,Girona,41.822587,2.717045,47.4881,
171498,Riudaura,19,Garrotxa,17,Girona,02,Girona,42.188572,2.406803,23.5214,
171501,Riudellots de la Selva,34,Selva,17,Girona,02,Girona,41.892818,2.803296,13.2866,
171518,Riumors,02,Alt Empordà,17,Girona,02,Girona,42.2273,3.042124,6.5387,
171523,Roses,02,Alt Empordà,17,Girona,02,Girona,42.262191,3.177887,45.8265,
171539,Rupià,10,Baix Empordà,17,Girona,02,Girona,42.020417,3.010859,5.3525,
171544,Sales de Llierca,19,Garrotxa,17,Girona,02,Girona,42.235622,2.649819,35.7932,
171557,Salt,20,Gironès,17,Girona,02,Girona,41.974483,2.793078,6.6092,
171576,Sant Andreu Salou,20,Gironès,17,Girona,02,Girona,41.873535,2.825403,5.8154,
171582,Sant Climent Sescebes,02,Alt Empordà,17,Girona,02,Girona,42.368782,2.980503,24.203,
171595,Sant Feliu de Buixalleu,34,Selva,17,Girona,02,Girona,41.791148,2.586467,62.0482,
171609,Sant Feliu de Guíxols,10,Baix Empordà,17,Girona,02,Girona,41.780386,3.028607,15.8524,
171616,Sant Feliu de Pallerols,19,Garrotxa,17,Girona,02,Girona,42.075579,2.507024,33.8137,
171621,Sant Ferriol,19,Garrotxa,17,Girona,02,Girona,42.197815,2.668523,42.2873,
171637,Sant Gregori,20,Gironès,17,Girona,02,Girona,41.9907,2.760172,48.8868,
171642,Sant Hilari Sacalm,34,Selva,17,Girona,02,Girona,41.879178,2.508764,82.9978,
171655,Sant Jaume de Llierca,19,Garrotxa,17,Girona,02,Girona,42.212863,2.608585,6.9002,
171668,Sant Jordi Desvalls,20,Gironès,17,Girona,02,Girona,42.072064,2.953833,11.901,
171674,Sant Joan de les Abadesses,31,Ripollès,17,Girona,02,Girona,42.232779,2.284822,53.6823,
171680,Sant Joan de Mollet,20,Gironès,17,Girona,02,Girona,42.04567,2.942719,3.2298,
171693,Sant Julià de Ramis,20,Gironès,17,Girona,02,Girona,42.034541,2.839586,18.6987,
171707,Vallfogona de Ripollès,31,Ripollès,17,Girona,02,Girona,42.195386,2.303633,38.9579,
171714,Sant Llorenç de la Muga,02,Alt Empordà,17,Girona,02,Girona,42.319986,2.789555,32.4596,
171729,Sant Martí de Llémena,20,Gironès,17,Girona,02,Girona,42.036396,2.647533,42.9504,
171735,Sant Martí Vell,20,Gironès,17,Girona,02,Girona,42.019778,2.931088,17.2794,
171740,Sant Miquel de Campmajor,28,Pla de l'Estany,17,Girona,02,Girona,42.135918,2.679208,33.6172,
171753,Sant Miquel de Fluvià,02,Alt Empordà,17,Girona,02,Girona,42.171968,2.991704,3.5111,
171766,Sant Mori,02,Alt Empordà,17,Girona,02,Girona,42.153776,2.990767,7.4362,
171772,Sant Pau de Segúries,31,Ripollès,17,Girona,02,Girona,42.260861,2.364922,8.7797,
171788,Sant Pere Pescador,02,Alt Empordà,17,Girona,02,Girona,42.188157,3.08196,17.9915,
171805,Santa Coloma de Farners,34,Selva,17,Girona,02,Girona,41.864077,2.662652,70.8871,
171812,Santa Cristina d'Aro,10,Baix Empordà,17,Girona,02,Girona,41.812686,2.996348,67.7587,
171827,Santa Llogaia d'Àlguema,02,Alt Empordà,17,Girona,02,Girona,42.233329,2.95202,1.9225,
171833,Sant Aniol de Finestres,19,Garrotxa,17,Girona,02,Girona,42.063501,2.614794,48.4637,
171848,Santa Pau,19,Garrotxa,17,Girona,02,Girona,42.144269,2.571364,48.5675,
171851,Sant Joan les Fonts,19,Garrotxa,17,Girona,02,Girona,42.212645,2.51178,31.9669,
171864,Sarrià de Ter,20,Gironès,17,Girona,02,Girona,42.018476,2.825438,4.2528,
171870,"Saus, Camallera i Llampaies",02,Alt Empordà,17,Girona,02,Girona,42.123133,2.963759,11.4661,
171886,la Selva de Mar,02,Alt Empordà,17,Girona,02,Girona,42.324488,3.186473,7.2393,
171899,la Cellera de Ter,34,Selva,17,Girona,02,Girona,41.968304,2.620737,14.6436,
171903,Serinyà,28,Pla de l'Estany,17,Girona,02,Girona,42.169063,2.744393,17.1958,
171910,Serra de Daró,10,Baix Empordà,17,Girona,02,Girona,42.028334,3.072067,7.9383,
171925,Setcases,31,Ripollès,17,Girona,02,Girona,42.375371,2.30118,48.8755,
171931,Sils,34,Selva,17,Girona,02,Girona,41.81083,2.742934,30.0837,
171946,Susqueda,34,Selva,17,Girona,02,Girona,42.014545,2.546978,50.9607,
171959,la Tallada d'Empordà,10,Baix Empordà,17,Girona,02,Girona,42.080607,3.055232,16.6674,
171962,Terrades,02,Alt Empordà,17,Girona,02,Girona,42.310393,2.839785,20.817,
171978,Torrent,10,Baix Empordà,17,Girona,02,Girona,41.952011,3.127693,7.9101,
171984,Torroella de Fluvià,02,Alt Empordà,17,Girona,02,Girona,42.174879,3.040969,16.8702,
171997,Torroella de Montgrí,10,Baix Empordà,17,Girona,02,Girona,42.041071,3.126103,65.8314,
172001,Tortellà,19,Garrotxa,17,Girona,02,Girona,42.232882,2.630001,11.0033,
172018,Toses,31,Ripollès,17,Girona,02,Girona,42.321644,2.016986,57.6773,
172023,Tossa de Mar,34,Selva,17,Girona,02,Girona,41.718008,2.93123,38.0131,
172039,Ultramort,10,Baix Empordà,17,Girona,02,Girona,42.036679,3.034478,4.3927,
172044,Ullà,10,Baix Empordà,17,Girona,02,Girona,42.050702,3.107679,7.457,
172057,Ullastret,10,Baix Empordà,17,Girona,02,Girona,42.000437,3.068546,11.1035,
172060,Urús,15,Cerdanya,17,Girona,06,Alt Pirineu,42.35007,1.854021,17.3588,
172076,la Vall d'en Bas,19,Garrotxa,17,Girona,02,Girona,42.118256,2.459063,90.5716,
172082,la Vall de Bianya,19,Garrotxa,17,Girona,02,Girona,42.210973,2.453614,93.6182,
172095,Vall-llobrega,10,Baix Empordà,17,Girona,02,Girona,41.879186,3.126424,5.4819,
172109,Ventalló,02,Alt Empordà,17,Girona,02,Girona,42.148875,3.026877,24.9887,
172116,Verges,10,Baix Empordà,17,Girona,02,Girona,42.060403,3.046577,9.4152,
172121,Vidrà,24,Osona,17,Girona,07,Catalunya Central,42.122472,2.309885,34.4718,
172137,Vidreres,34,Selva,17,Girona,02,Girona,41.788884,2.779223,48.1929,
172142,Vilabertran,02,Alt Empordà,17,Girona,02,Girona,42.282695,2.98156,2.2709,
172155,Vilablareix,20,Gironès,17,Girona,02,Girona,41.956881,2.772984,6.1373,
172168,Viladasens,20,Gironès,17,Girona,02,Girona,42.095723,2.930171,15.5161,
172174,Viladamat,02,Alt Empordà,17,Girona,02,Girona,42.133457,3.074771,11.8032,
172180,Vilademuls,28,Pla de l'Estany,17,Girona,02,Girona,42.13869,2.887874,62.1665,
172207,Viladrau,24,Osona,17,Girona,07,Catalunya Central,41.847516,2.389982,50.7127,
172214,Vilafant,02,Alt Empordà,17,Girona,02,Girona,42.246983,2.937576,8.3282,
172229,Vilaür,02,Alt Empordà,17,Girona,02,Girona,42.14361,2.955087,5.7077,
172235,Vilajuïga,02,Alt Empordà,17,Girona,02,Girona,42.32551,3.09296,13.1868,
172240,Vilallonga de Ter,31,Ripollès,17,Girona,02,Girona,42.331156,2.31214,64.284,
172253,Vilamacolum,02,Alt Empordà,17,Girona,02,Girona,42.196432,3.056801,5.7828,
172266,Vilamalla,02,Alt Empordà,17,Girona,02,Girona,42.217684,2.970474,8.8699,
172272,Vilamaniscle,02,Alt Empordà,17,Girona,02,Girona,42.37516,3.067774,5.4867,
172288,Vilanant,02,Alt Empordà,17,Girona,02,Girona,42.254596,2.888685,16.9612,
172305,Vila-sacra,02,Alt Empordà,17,Girona,02,Girona,42.265499,3.018132,6.0584,
172327,Vilopriu,10,Baix Empordà,17,Girona,02,Girona,42.104199,2.992003,16.696,
172333,Vilobí d'Onyar,34,Selva,17,Girona,02,Girona,41.888506,2.742548,32.5966,
172348,Biure,02,Alt Empordà,17,Girona,02,Girona,42.337658,2.894999,10.0269,
179011,"Cruïlles, Monells i Sant Sadurní de l'Heura",10,Baix Empordà,17,Girona,02,Girona,41.956528,2.990801,99.6031,
179026,Forallac,10,Baix Empordà,17,Girona,02,Girona,41.960101,3.054249,50.1778,
179032,Sant Julià del Llor i Bonmatí,34,Selva,17,Girona,02,Girona,41.97041,2.66411,9.6539,
250019,Abella de la Conca,25,Pallars Jussà,25,Lleida,06,Alt Pirineu,42.161442,1.092472,78.1235,
250024,Àger,23,Noguera,25,Lleida,03,Lleida,41.999565,0.763679,160.2237,
250030,Agramunt,38,Urgell,25,Lleida,03,Lleida,41.787239,1.098859,79.3595,
250045,els Alamús,33,Segrià,25,Lleida,03,Lleida,41.615889,0.739536,20.3222,
250058,Alàs i Cerc,04,Alt Urgell,25,Lleida,06,Alt Pirineu,42.351404,1.508278,57.4723,
250061,l'Albagés,18,Garrigues,25,Lleida,03,Lleida,41.449114,0.739023,26.1216,
250077,Albatàrrec,33,Segrià,25,Lleida,03,Lleida,41.573076,0.604159,10.6751,
250083,Albesa,23,Noguera,25,Lleida,03,Lleida,41.751364,0.660408,37.6075,
250096,l'Albi,18,Garrigues,25,Lleida,03,Lleida,41.422896,0.93658,32.7143,
250100,Alcanó,33,Segrià,25,Lleida,03,Lleida,41.481245,0.616777,21.1918,
250117,Alcarràs,33,Segrià,25,Lleida,03,Lleida,41.563128,0.525201,114.5265,
250122,Alcoletge,33,Segrià,25,Lleida,03,Lleida,41.647304,0.694162,16.7318,
250138,Alfarràs,33,Segrià,25,Lleida,03,Lleida,41.829516,0.57045,11.3057,
250143,Alfés,33,Segrià,25,Lleida,03,Lleida,41.521618,0.621001,32.1162,
250156,Algerri,23,Noguera,25,Lleida,03,Lleida,41.816083,0.638538,54.4168,
250169,Alguaire,33,Segrià,25,Lleida,03,Lleida,41.736354,0.58383,50.3539,
250175,Alins,26,Pallars Sobirà,25,Lleida,06,Alt Pirineu,42.548795,1.317473,182.7884,
250194,Almacelles,33,Segrià,25,Lleida,03,Lleida,41.731744,0.437095,48.9815,
250208,Almatret,33,Segrià,25,Lleida,03,Lleida,41.305329,0.424136,56.4357,
250215,Almenar,33,Segrià,25,Lleida,03,Lleida,41.797844,0.567895,66.6621,
250220,Alòs de Balaguer,23,Noguera,25,Lleida,03,Lleida,41.912258,0.961095,69.0765,
250236,Alpicat,33,Segrià,25,Lleida,03,Lleida,41.666634,0.555198,15.2289,
250241,Alt Àneu,26,Pallars Sobirà,25,Lleida,06,Alt Pirineu,42.633162,1.109955,217.7472,
250254,Naut Aran,39,Val d'Aran,25,Lleida,00,Val d'Aran (entitat territorial singular),42.706712,0.90117,256.3571,
250273,Anglesola,38,Urgell,25,Lleida,03,Lleida,41.658868,1.081379,23.6724,
250292,Arbeca,18,Garrigues,25,Lleida,03,Lleida,41.541652,0.924154,58.2196,
250306,el Pont de Bar,04,Alt Urgell,25,Lleida,06,Alt Pirineu,42.372336,1.60517,43.7732,
250313,Arres,39,Val d'Aran,25,Lleida,00,Val d'Aran (entitat territorial singular),42.754901,0.711383,11.5112,
250328,Arsèguel,04,Alt Urgell,25,Lleida,06,Alt Pirineu,42.350194,1.58263,9.6654,
250334,Artesa de Lleida,33,Segrià,25,Lleida,03,Lleida,41.551791,0.703671,24.2106,
250349,Artesa de Segre,23,Noguera,25,Lleida,03,Lleida,41.895692,1.045329,176.0455,
250352,la Sentiu de Sió,23,Noguera,25,Lleida,03,Lleida,41.804805,0.878457,29.5442,
250365,Aspa,33,Segrià,25,Lleida,03,Lleida,41.495592,0.672325,10.1082,
250371,les Avellanes i Santa Linya,23,Noguera,25,Lleida,03,Lleida,41.907897,0.764,102.9248,
250387,Aitona,33,Segrià,25,Lleida,03,Lleida,41.494156,0.458875,66.8369,
250390,Baix Pallars,26,Pallars Sobirà,25,Lleida,06,Alt Pirineu,42.323393,1.064277,129.354,
250404,Balaguer,23,Noguera,25,Lleida,03,Lleida,41.789738,0.805297,57.0716,
250411,Barbens,27,Pla d'Urgell,25,Lleida,03,Lleida,41.679015,1.018357,7.7837,
250426,la Baronia de Rialb,23,Noguera,25,Lleida,03,Lleida,41.932385,1.196218,144.5413,
250432,la Vall de Boí,05,Alta Ribagorça,25,Lleida,06,Alt Pirineu,42.505378,0.801125,219.6014,
250447,Bassella,04,Alt Urgell,25,Lleida,06,Alt Pirineu,42.006042,1.295229,70.8265,
250450,Bausen,39,Val d'Aran,25,Lleida,00,Val d'Aran (entitat territorial singular),42.83467,0.716881,17.9461,
250463,Belianes,38,Urgell,25,Lleida,03,Lleida,41.561728,1.017511,15.7697,
250479,Bellcaire d'Urgell,23,Noguera,25,Lleida,03,Lleida,41.759371,0.906225,31.1603,
250485,Bell-lloc d'Urgell,27,Pla d'Urgell,25,Lleida,03,Lleida,41.629639,0.779432,35.1622,
250498,Bellmunt d'Urgell,23,Noguera,25,Lleida,03,Lleida,41.774327,0.952097,5.0475,
250501,Bellpuig,38,Urgell,25,Lleida,03,Lleida,41.62598,1.011154,35.0176,
250518,Bellver de Cerdanya,15,Cerdanya,25,Lleida,06,Alt Pirineu,42.370654,1.774353,100.7952,
250523,Bellvís,27,Pla d'Urgell,25,Lleida,03,Lleida,41.671828,0.817478,46.4131,
250539,Benavent de Segrià,33,Segrià,25,Lleida,03,Lleida,41.695926,0.633032,7.4591,
250557,Biosca,35,Solsonès,25,Lleida,07,Catalunya Central,41.842278,1.358749,66.031,
250560,Bovera,18,Garrigues,25,Lleida,03,Lleida,41.326472,0.638866,33.2247,
250576,Es Bòrdes,39,Val d'Aran,25,Lleida,00,Val d'Aran (entitat territorial singular),42.738019,0.719253,21.4233,
250582,les Borges Blanques,18,Garrigues,25,Lleida,03,Lleida,41.521251,0.867717,61.6594,
250595,Bossòst,39,Val d'Aran,25,Lleida,00,Val d'Aran (entitat territorial singular),42.785594,0.692016,27.8685,
250609,Cabanabona,23,Noguera,25,Lleida,03,Lleida,41.851634,1.216449,14.16,
250616,Cabó,04,Alt Urgell,25,Lleida,06,Alt Pirineu,42.238892,1.247172,79.3552,
250621,Camarasa,23,Noguera,25,Lleida,03,Lleida,41.875131,0.877882,157.6142,
250637,Canejan,39,Val d'Aran,25,Lleida,00,Val d'Aran (entitat territorial singular),42.838178,0.739804,48.2721,
250642,Castellar de la Ribera,35,Solsonès,25,Lleida,07,Catalunya Central,42.022693,1.415999,60.2617,
250674,Castelldans,18,Garrigues,25,Lleida,03,Lleida,41.497744,0.765324,64.3225,
250680,Castellnou de Seana,27,Pla d'Urgell,25,Lleida,03,Lleida,41.648318,0.970907,16.3091,
250693,Castelló de Farfanya,23,Noguera,25,Lleida,03,Lleida,41.82037,0.72755,52.6274,
250707,Castellserà,38,Urgell,25,Lleida,03,Lleida,41.7469,0.986959,15.9757,
250714,Cava,04,Alt Urgell,25,Lleida,06,Alt Pirineu,42.325362,1.584346,41.4261,
250729,Cervera,32,Segarra,25,Lleida,03,Lleida,41.665742,1.27102,55.1981,
250735,Cervià de les Garrigues,18,Garrigues,25,Lleida,03,Lleida,41.424953,0.858969,34.0379,
250740,Ciutadilla,38,Urgell,25,Lleida,03,Lleida,41.561636,1.139285,16.467,
250753,Clariana de Cardener,35,Solsonès,25,Lleida,07,Catalunya Central,41.933846,1.625028,40.8624,
250766,el Cogul,18,Garrigues,25,Lleida,03,Lleida,41.46702,0.689455,17.4745,
250772,Coll de Nargó,04,Alt Urgell,25,Lleida,06,Alt Pirineu,42.17471,1.31577,152.2705,
250788,Corbins,33,Segrià,25,Lleida,03,Lleida,41.690622,0.69299,21.0137,
250791,Cubells,23,Noguera,25,Lleida,03,Lleida,41.851591,0.958899,39.053,
250812,l'Espluga Calba,18,Garrigues,25,Lleida,03,Lleida,41.495013,1.003651,21.4475,
250827,Espot,26,Pallars Sobirà,25,Lleida,06,Alt Pirineu,42.57582,1.088961,97.7491,
250851,Estaràs,32,Segarra,25,Lleida,03,Lleida,41.691586,1.378254,21.1392,
250864,Esterri d'Àneu,26,Pallars Sobirà,25,Lleida,06,Alt Pirineu,42.628642,1.122276,8.334,
250870,Esterri de Cardós,26,Pallars Sobirà,25,Lleida,06,Alt Pirineu,42.592668,1.26172,16.3327,
250886,Estamariu,04,Alt Urgell,25,Lleida,06,Alt Pirineu,42.373064,1.522677,20.9221,
250899,Farrera,26,Pallars Sobirà,25,Lleida,06,Alt Pirineu,42.503711,1.273562,61.8616,
250925,la Floresta,18,Garrigues,25,Lleida,03,Lleida,41.510385,0.919589,5.6148,
250931,Fondarella,27,Pla d'Urgell,25,Lleida,03,Lleida,41.634683,0.874474,5.4392,
250946,Foradada,23,Noguera,25,Lleida,03,Lleida,41.876775,1.012446,28.907,
250962,la Fuliola,38,Urgell,25,Lleida,03,Lleida,41.713011,1.018525,11.1294,
250978,Fulleda,18,Garrigues,25,Lleida,03,Lleida,41.463615,1.024332,16.3323,
250984,Gavet de la Conca,25,Pallars Jussà,25,Lleida,06,Alt Pirineu,42.123367,0.92041,91.4571,
250997,Golmés,27,Pla d'Urgell,25,Lleida,03,Lleida,41.632536,0.932518,16.7211,
251001,Gósol,14,Berguedà,25,Lleida,07,Catalunya Central,42.236957,1.660203,56.2949,
251018,la Granadella,18,Garrigues,25,Lleida,03,Lleida,41.35552,0.664842,82.978,
251023,la Granja d'Escarp,33,Segrià,25,Lleida,03,Lleida,41.418439,0.352225,38.3939,
251039,Granyanella,32,Segarra,25,Lleida,03,Lleida,41.665734,1.228048,23.9753,
251044,Granyena de Segarra,32,Segarra,25,Lleida,03,Lleida,41.623511,1.246857,16.5786,
251057,Granyena de les Garrigues,18,Garrigues,25,Lleida,03,Lleida,41.432844,0.649207,20.3043,
251095,Guimerà,38,Urgell,25,Lleida,03,Lleida,41.564301,1.185197,25.3705,
251109,Guissona,32,Segarra,25,Lleida,03,Lleida,41.785191,1.288706,18.3144,
251116,Guixers,35,Solsonès,25,Lleida,07,Catalunya Central,42.13257,1.666658,65.6687,
251121,Ivars de Noguera,23,Noguera,25,Lleida,03,Lleida,41.850179,0.58588,26.9586,
251137,Ivars d'Urgell,27,Pla d'Urgell,25,Lleida,03,Lleida,41.682913,0.985676,24.1681,
251142,Ivorra,32,Segarra,25,Lleida,03,Lleida,41.772024,1.395657,15.3178,
251155,Isona i Conca Dellà,25,Pallars Jussà,25,Lleida,06,Alt Pirineu,42.116926,1.043619,139.2469,
251180,Juncosa,18,Garrigues,25,Lleida,03,Lleida,41.371562,0.77537,76.7109,
251193,Juneda,18,Garrigues,25,Lleida,03,Lleida,41.549447,0.825094,47.3303,
251207,Lleida,33,Segrià,25,Lleida,03,Lleida,41.614814,0.626649,212.4196,
251214,Les,39,Val d'Aran,25,Lleida,00,Val d'Aran (entitat territorial singular),42.810089,0.710457,23.0833,
251229,Linyola,27,Pla d'Urgell,25,Lleida,03,Lleida,41.710719,0.904673,28.8176,
251235,Lladorre,26,Pallars Sobirà,25,Lleida,06,Alt Pirineu,42.621103,1.249503,147.8538,
251240,Lladurs,35,Solsonès,25,Lleida,07,Catalunya Central,42.044667,1.508251,127.9914,
251253,Llardecans,33,Segrià,25,Lleida,03,Lleida,41.374033,0.550052,66.2192,
251266,Llavorsí,26,Pallars Sobirà,25,Lleida,06,Alt Pirineu,42.495682,1.211167,68.4546,
251272,Lles de Cerdanya,15,Cerdanya,25,Lleida,06,Alt Pirineu,42.390337,1.687552,102.644,
251288,Llimiana,25,Pallars Jussà,25,Lleida,06,Alt Pirineu,42.074966,0.916154,41.3226,
251291,Llobera,35,Solsonès,25,Lleida,07,Catalunya Central,41.950968,1.472518,38.8808,
251305,Maldà,38,Urgell,25,Lleida,03,Lleida,41.55094,1.040077,31.5338,
251312,Massalcoreig,33,Segrià,25,Lleida,03,Lleida,41.459165,0.359063,13.6672,
251327,Massoteres,32,Segarra,25,Lleida,03,Lleida,41.797486,1.310738,26.135,
251333,Maials,33,Segrià,25,Lleida,03,Lleida,41.364814,0.504374,57.1311,
251348,Menàrguens,23,Noguera,25,Lleida,03,Lleida,41.729598,0.743556,20.5354,
251351,Miralcamp,27,Pla d'Urgell,25,Lleida,03,Lleida,41.605282,0.878954,14.8923,
251364,la Molsosa,35,Solsonès,25,Lleida,07,Catalunya Central,41.785706,1.544244,26.8392,
251370,Mollerussa,27,Pla d'Urgell,25,Lleida,03,Lleida,41.629835,0.893697,7.0047,
251386,Montgai,23,Noguera,25,Lleida,03,Lleida,41.79986,0.961008,29.13,
251399,Montellà i Martinet,15,Cerdanya,25,Lleida,06,Alt Pirineu,42.35997,1.695029,52.43,
251403,Montferrer i Castellbò,04,Alt Urgell,25,Lleida,06,Alt Pirineu,42.341705,1.428255,176.7894,
251410,Montoliu de Segarra,32,Segarra,25,Lleida,03,Lleida,41.590098,1.270112,29.4469,
251425,Montoliu de Lleida,33,Segrià,25,Lleida,03,Lleida,41.560567,0.588903,7.3496,
251431,Montornès de Segarra,32,Segarra,25,Lleida,03,Lleida,41.600745,1.229568,12.1342,
251459,Nalec,38,Urgell,25,Lleida,03,Lleida,41.560181,1.115168,9.6662,
251462,Navès,35,Solsonès,25,Lleida,07,Catalunya Central,41.990797,1.640112,145.401,
251484,Odèn,35,Solsonès,25,Lleida,07,Catalunya Central,42.133295,1.387288,114.4205,
251497,Oliana,04,Alt Urgell,25,Lleida,06,Alt Pirineu,42.064901,1.314701,32.0564,
251500,Oliola,23,Noguera,25,Lleida,03,Lleida,41.875658,1.173709,86.1199,
251517,Olius,35,Solsonès,25,Lleida,07,Catalunya Central,41.977528,1.555209,54.4018,
251522,les Oluges,32,Segarra,25,Lleida,03,Lleida,41.697221,1.318928,19.0845,
251538,els Omellons,18,Garrigues,25,Lleida,03,Lleida,41.50148,0.959479,11.0126,
251543,els Omells de na Gaia,38,Urgell,25,Lleida,03,Lleida,41.499871,1.074888,13.0077,
251556,Organyà,04,Alt Urgell,25,Lleida,06,Alt Pirineu,42.211096,1.328553,12.6715,
251569,Os de Balaguer,23,Noguera,25,Lleida,03,Lleida,41.87132,0.718616,136.0031,
251575,Ossó de Sió,38,Urgell,25,Lleida,03,Lleida,41.75488,1.159434,26.0407,
251581,el Palau d'Anglesola,27,Pla d'Urgell,25,Lleida,03,Lleida,41.651723,0.880179,12.3434,
251615,Conca de Dalt,25,Pallars Jussà,25,Lleida,06,Alt Pirineu,42.244759,0.971517,165.5683,
251636,la Coma i la Pedra,35,Solsonès,25,Lleida,07,Catalunya Central,42.176048,1.589749,60.7274,
251641,Penelles,23,Noguera,25,Lleida,03,Lleida,41.757602,0.965576,25.4599,
251654,Peramola,04,Alt Urgell,25,Lleida,06,Alt Pirineu,42.057173,1.267801,55.9122,
251667,Pinell de Solsonès,35,Solsonès,25,Lleida,07,Catalunya Central,41.950276,1.418709,90.5631,
251673,Pinós,35,Solsonès,25,Lleida,07,Catalunya Central,41.837957,1.539932,104.3351,
251689,el Poal,27,Pla d'Urgell,25,Lleida,03,Lleida,41.678169,0.856747,8.858,
251692,la Pobla de Cérvoles,18,Garrigues,25,Lleida,03,Lleida,41.367709,0.915523,61.985,
251706,Bellaguarda,18,Garrigues,25,Lleida,03,Lleida,41.337646,0.735958,20.3773,
251713,la Pobla de Segur,25,Pallars Jussà,25,Lleida,06,Alt Pirineu,42.249829,0.968855,33.366,
251728,Ponts,23,Noguera,25,Lleida,03,Lleida,41.915679,1.186197,31.2767,
251734,el Pont de Suert,05,Alta Ribagorça,25,Lleida,06,Alt Pirineu,42.407655,0.740243,148.4836,
251749,la Portella,33,Segrià,25,Lleida,03,Lleida,41.739889,0.639321,12.2373,
251752,Prats i Sansor,15,Cerdanya,25,Lleida,06,Alt Pirineu,42.364982,1.836921,6.7162,
251765,Preixana,38,Urgell,25,Lleida,03,Lleida,41.607781,1.037645,21.3445,
251771,Preixens,23,Noguera,25,Lleida,03,Lleida,41.794052,1.050648,28.7529,
251790,Prullans,15,Cerdanya,25,Lleida,06,Alt Pirineu,42.378873,1.736749,21.136,
251804,Puiggròs,18,Garrigues,25,Lleida,03,Lleida,41.550534,0.889996,9.8294,
251811,Puigverd d'Agramunt,38,Urgell,25,Lleida,03,Lleida,41.777278,1.122035,21.2221,
251826,Puigverd de Lleida,33,Segrià,25,Lleida,03,Lleida,41.543303,0.73303,12.4306,
251832,Rialp,26,Pallars Sobirà,25,Lleida,06,Alt Pirineu,42.444132,1.134766,63.2686,
251850,Ribera d'Urgellet,04,Alt Urgell,25,Lleida,06,Alt Pirineu,42.312356,1.383366,107.3746,
251863,Riner,35,Solsonès,25,Lleida,07,Catalunya Central,41.914499,1.524971,47.5771,
251898,Rosselló,33,Segrià,25,Lleida,03,Lleida,41.693288,0.595234,9.9613,
251902,Salàs de Pallars,25,Pallars Jussà,25,Lleida,06,Alt Pirineu,42.21276,0.93148,21.1577,
251919,Sanaüja,32,Segarra,25,Lleida,03,Lleida,41.876296,1.310802,32.9353,
251924,Sant Guim de Freixenet,32,Segarra,25,Lleida,03,Lleida,41.655668,1.418591,25.1481,
251930,Sant Llorenç de Morunys,35,Solsonès,25,Lleida,07,Catalunya Central,42.137035,1.591893,4.5941,
251945,Sant Ramon,32,Segarra,25,Lleida,03,Lleida,41.724533,1.357903,18.8603,
251961,Sant Esteve de la Sarga,25,Pallars Jussà,25,Lleida,06,Alt Pirineu,42.079635,0.76369,92.8936,
251977,Sant Guim de la Plana,32,Segarra,25,Lleida,03,Lleida,41.762941,1.324077,12.3157,
252000,Sarroca de Lleida,33,Segrià,25,Lleida,03,Lleida,41.458434,0.562054,41.6968,
252017,Sarroca de Bellera,25,Pallars Jussà,25,Lleida,06,Alt Pirineu,42.35972,0.881273,87.5239,
252022,Senterada,25,Pallars Jussà,25,Lleida,06,Alt Pirineu,42.324939,0.937451,34.4668,
252038,la Seu d'Urgell,04,Alt Urgell,25,Lleida,06,Alt Pirineu,42.358163,1.462013,15.544,
252043,Seròs,33,Segrià,25,Lleida,03,Lleida,41.463292,0.409552,85.9638,
252056,Sidamon,27,Pla d'Urgell,25,Lleida,03,Lleida,41.62929,0.832005,8.1178,
252069,el Soleràs,18,Garrigues,25,Lleida,03,Lleida,41.413035,0.681659,12.6153,
252075,Solsona,35,Solsonès,25,Lleida,07,Catalunya Central,41.994348,1.518178,17.7015,
252081,Soriguera,26,Pallars Sobirà,25,Lleida,06,Alt Pirineu,42.379677,1.161413,106.9154,
252094,Sort,26,Pallars Sobirà,25,Lleida,06,Alt Pirineu,42.411135,1.129822,104.5009,
252108,Soses,33,Segrià,25,Lleida,03,Lleida,41.533146,0.487489,30.0539,
252115,Sudanell,33,Segrià,25,Lleida,03,Lleida,41.557613,0.567232,8.177,
252120,Sunyer,33,Segrià,25,Lleida,03,Lleida,41.523258,0.593018,12.4908,
252154,Talarn,25,Pallars Jussà,25,Lleida,06,Alt Pirineu,42.185549,0.900185,27.8209,
252167,Talavera,32,Segarra,25,Lleida,03,Lleida,41.582054,1.338204,30.6059,
252173,Tàrrega,38,Urgell,25,Lleida,03,Lleida,41.646404,1.139369,87.9464,
252189,Tarrés,18,Garrigues,25,Lleida,03,Lleida,41.42257,1.019648,13.0815,
252192,Tarroja de Segarra,32,Segarra,25,Lleida,03,Lleida,41.730448,1.274248,7.9022,
252206,Térmens,23,Noguera,25,Lleida,03,Lleida,41.717465,0.760563,27.5768,
252213,Tírvia,26,Pallars Sobirà,25,Lleida,06,Alt Pirineu,42.515091,1.242971,8.5892,
252228,Tiurana,23,Noguera,25,Lleida,03,Lleida,41.975825,1.255582,15.613,
252234,Torà,35,Solsonès,25,Lleida,07,Catalunya Central,41.812767,1.402777,93.338,
252249,els Torms,18,Garrigues,25,Lleida,03,Lleida,41.394169,0.719725,13.5075,
252252,Tornabous,38,Urgell,25,Lleida,03,Lleida,41.70166,1.05308,20.0979,
252265,Torrebesses,33,Segrià,25,Lleida,03,Lleida,41.426648,0.595094,27.7903,
252271,la Torre de Cabdella,25,Pallars Jussà,25,Lleida,06,Alt Pirineu,42.421907,0.982531,165.4114,
252287,Torrefarrera,33,Segrià,25,Lleida,03,Lleida,41.673216,0.606639,23.514,
252304,Torregrossa,27,Pla d'Urgell,25,Lleida,03,Lleida,41.581072,0.831863,40.5061,
252311,Torrelameu,23,Noguera,25,Lleida,03,Lleida,41.704691,0.702083,10.7876,
252326,Torres de Segre,33,Segrià,25,Lleida,03,Lleida,41.535264,0.513577,50.9353,
252332,Torre-serona,33,Segrià,25,Lleida,03,Lleida,41.671862,0.629325,5.8872,
252347,Tremp,25,Pallars Jussà,25,Lleida,06,Alt Pirineu,42.16741,0.895259,302.3623,
252385,Vallbona de les Monges,38,Urgell,25,Lleida,03,Lleida,41.525016,1.088563,34.3328,
252398,les Valls de Valira,04,Alt Urgell,25,Lleida,06,Alt Pirineu,42.379017,1.456523,171.0234,
252402,Vallfogona de Balaguer,23,Noguera,25,Lleida,03,Lleida,41.752469,0.813743,27.1067,
252424,Verdú,38,Urgell,25,Lleida,03,Lleida,41.610183,1.143638,35.8426,
252430,Vielha e Mijaran,39,Val d'Aran,25,Lleida,00,Val d'Aran (entitat territorial singular),42.70197,0.795651,211.5726,
252445,Vilagrassa,38,Urgell,25,Lleida,03,Lleida,41.648558,1.105763,19.6712,
252458,Vilaller,05,Alta Ribagorça,25,Lleida,06,Alt Pirineu,42.476703,0.715792,59.1995,
252477,Vilamòs,39,Val d'Aran,25,Lleida,00,Val d'Aran (entitat territorial singular),42.747442,0.726887,15.3843,
252483,Vilanova de Bellpuig,27,Pla d'Urgell,25,Lleida,03,Lleida,41.61476,0.960765,13.9051,
252496,Vilanova de l'Aguda,23,Noguera,25,Lleida,03,Lleida,41.911939,1.252605,53.3152,
252509,Vilanova de Meià,23,Noguera,25,Lleida,03,Lleida,41.995265,1.022675,104.7392,
252516,Vilanova de Segrià,33,Segrià,25,Lleida,03,Lleida,41.712645,0.618835,8.3979,
252521,Vila-sana,27,Pla d'Urgell,25,Lleida,03,Lleida,41.663298,0.927562,18.987,
252537,el Vilosell,18,Garrigues,25,Lleida,03,Lleida,41.383948,0.946624,18.8436,
252542,Vilanova de la Barca,33,Segrià,25,Lleida,03,Lleida,41.691058,0.729043,21.3945,
252555,Vinaixa,18,Garrigues,25,Lleida,03,Lleida,41.428557,0.9753,37.4708,
259010,Vall de Cardós,26,Pallars Sobirà,25,Lleida,06,Alt Pirineu,42.563505,1.224936,56.396,
259025,Sant Martí de Riucorb,38,Urgell,25,Lleida,03,Lleida,41.559144,1.054532,34.8275,
259031,la Guingueta d'Àneu,26,Pallars Sobirà,25,Lleida,06,Alt Pirineu,42.594945,1.131331,108.093,
259046,Castell de Mur,25,Pallars Jussà,25,Lleida,06,Alt Pirineu,42.091888,0.877257,62.9396,
259059,Ribera d'Ondara,32,Segarra,25,Lleida,03,Lleida,41.625585,1.340968,54.2535,
259062,les Valls d'Aguilar,04,Alt Urgell,25,Lleida,06,Alt Pirineu,42.294211,1.341775,123.028,
259078,Torrefeta i Florejacs,32,Segarra,25,Lleida,03,Lleida,41.754011,1.2737,89.0084,
259084,Fígols i Alinyà,04,Alt Urgell,25,Lleida,06,Alt Pirineu,42.202862,1.339563,102.0724,
259097,la Vansa i Fórnols,04,Alt Urgell,25,Lleida,06,Alt Pirineu,42.233585,1.480407,106.0452,
259101,Josa i Tuixén,04,Alt Urgell,25,Lleida,06,Alt Pirineu,42.23083,1.565836,68.4501,
259118,els Plans de Sió,32,Segarra,25,Lleida,03,Lleida,41.762059,1.197178,55.8444,
259123,Gimenells i el Pla de la Font,33,Segrià,25,Lleida,03,Lleida,41.652321,0.38954,55.7057,
259139,Riu de Cerdanya,15,Cerdanya,25,Lleida,06,Alt Pirineu,42.345221,1.826031,12.3426,
430017,Aiguamúrcia,01,Alt Camp,43,Tarragona,04,Camp de Tarragona,41.346471,1.363265,72.6114,
430022,Albinyana,12,Baix Penedès,43,Tarragona,08,Penedès,41.245745,1.486364,19.5463,
430038,l'Albiol,08,Baix Camp,43,Tarragona,04,Camp de Tarragona,41.252051,1.089127,20.315,
430043,Alcanar,22,Montsià,43,Tarragona,05,Terres de l'Ebre,40.543244,0.480771,46.9124,
430056,Alcover,01,Alt Camp,43,Tarragona,04,Camp de Tarragona,41.262911,1.168858,46.2587,
430069,Aldover,09,Baix Ebre,43,Tarragona,05,Terres de l'Ebre,40.8799,0.500058,20.1879,
430075,l'Aleixar,08,Baix Camp,43,Tarragona,04,Camp de Tarragona,41.201632,1.046193,26.1091,
430081,Alfara de Carles,09,Baix Ebre,43,Tarragona,05,Terres de l'Ebre,40.873345,0.400565,64.0478,
430094,Alforja,08,Baix Camp,43,Tarragona,04,Camp de Tarragona,41.210359,0.975413,38.3707,
430108,Alió,01,Alt Camp,43,Tarragona,04,Camp de Tarragona,41.294664,1.306341,7.276,
430115,Almoster,08,Baix Camp,43,Tarragona,04,Camp de Tarragona,41.197744,1.113598,6.0081,
430120,Altafulla,36,Tarragonès,43,Tarragona,04,Camp de Tarragona,41.14275,1.37605,6.8747,
430136,l'Ametlla de Mar,09,Baix Ebre,43,Tarragona,05,Terres de l'Ebre,40.883958,0.803166,67.0225,
430141,Amposta,22,Montsià,43,Tarragona,05,Terres de l'Ebre,40.713302,0.581082,138.5001,
430154,Arbolí,08,Baix Camp,43,Tarragona,04,Camp de Tarragona,41.242347,0.948725,20.6897,
430167,l'Arboç,12,Baix Penedès,43,Tarragona,08,Penedès,41.267638,1.603522,14.2838,
430173,l'Argentera,08,Baix Camp,43,Tarragona,04,Camp de Tarragona,41.137501,0.909283,9.9425,
430189,Arnes,37,Terra Alta,43,Tarragona,05,Terres de l'Ebre,40.910005,0.260883,42.7548,
430192,Ascó,30,Ribera d'Ebre,43,Tarragona,05,Terres de l'Ebre,41.180631,0.567443,73.5257,
430206,Banyeres del Penedès,12,Baix Penedès,43,Tarragona,08,Penedès,41.279507,1.580949,12.257,
430213,Barberà de la Conca,16,Conca de Barberà,43,Tarragona,04,Camp de Tarragona,41.410916,1.228324,26.1881,
430228,Batea,37,Terra Alta,43,Tarragona,05,Terres de l'Ebre,41.094462,0.311414,128.4678,
430234,Bellmunt del Priorat,29,Priorat,43,Tarragona,04,Camp de Tarragona,41.165253,0.766749,8.8905,
430249,Bellvei,12,Baix Penedès,43,Tarragona,08,Penedès,41.241297,1.576592,8.2739,
430252,Benifallet,09,Baix Ebre,43,Tarragona,05,Terres de l'Ebre,40.973903,0.517808,62.4873,
430265,Benissanet,30,Ribera d'Ebre,43,Tarragona,05,Terres de l'Ebre,41.056706,0.634595,23.1093,
430271,la Bisbal de Montsant,29,Priorat,43,Tarragona,04,Camp de Tarragona,41.28027,0.723362,14.0259,
430287,la Bisbal del Penedès,12,Baix Penedès,43,Tarragona,08,Penedès,41.280897,1.487856,32.1868,
430290,Blancafort,16,Conca de Barberà,43,Tarragona,04,Camp de Tarragona,41.437858,1.159257,14.534,
430304,Bonastre,12,Baix Penedès,43,Tarragona,08,Penedès,41.22081,1.439896,24.9478,
430311,les Borges del Camp,08,Baix Camp,43,Tarragona,04,Camp de Tarragona,41.172018,1.019367,8.3318,
430326,Bot,37,Terra Alta,43,Tarragona,05,Terres de l'Ebre,41.009157,0.384818,34.6782,
430332,Botarell,08,Baix Camp,43,Tarragona,04,Camp de Tarragona,41.136052,0.989015,11.9533,
430347,Bràfim,01,Alt Camp,43,Tarragona,04,Camp de Tarragona,41.268749,1.34129,6.3457,
430350,Cabacés,29,Priorat,43,Tarragona,04,Camp de Tarragona,41.247445,0.733649,31.2498,
430363,Cabra del Camp,01,Alt Camp,43,Tarragona,04,Camp de Tarragona,41.395294,1.276943,27.0057,
430379,Calafell,12,Baix Penedès,43,Tarragona,08,Penedès,41.201159,1.568642,20.2596,
430385,Cambrils,08,Baix Camp,43,Tarragona,04,Camp de Tarragona,41.074327,1.051688,35.2116,
430398,Capafonts,08,Baix Camp,43,Tarragona,04,Camp de Tarragona,41.294972,1.027527,13.3536,
430402,Capçanes,29,Priorat,43,Tarragona,04,Camp de Tarragona,41.09986,0.781537,22.2295,
430419,Caseres,37,Terra Alta,43,Tarragona,05,Terres de l'Ebre,41.038539,0.250766,42.5733,
430424,Castellvell del Camp,08,Baix Camp,43,Tarragona,04,Camp de Tarragona,41.181177,1.096269,5.1713,
430430,el Catllar,36,Tarragonès,43,Tarragona,04,Camp de Tarragona,41.175381,1.326251,26.34,
430445,la Sénia,22,Montsià,43,Tarragona,05,Terres de l'Ebre,40.633081,0.286093,108.8745,
430458,Colldejou,08,Baix Camp,43,Tarragona,04,Camp de Tarragona,41.099504,0.887521,14.4218,
430461,Conesa,16,Conca de Barberà,43,Tarragona,04,Camp de Tarragona,41.518583,1.291207,29.0404,
430477,Constantí,36,Tarragonès,43,Tarragona,04,Camp de Tarragona,41.153854,1.212592,31.0359,
430483,Corbera d'Ebre,37,Terra Alta,43,Tarragona,05,Terres de l'Ebre,41.07766,0.477948,53.0775,
430496,Cornudella de Montsant,29,Priorat,43,Tarragona,04,Camp de Tarragona,41.265646,0.905807,62.9168,
430509,Creixell,36,Tarragonès,43,Tarragona,04,Camp de Tarragona,41.167743,1.440693,10.2932,
430516,Cunit,12,Baix Penedès,43,Tarragona,08,Penedès,41.198446,1.634466,9.8729,
430521,Xerta,09,Baix Ebre,43,Tarragona,05,Terres de l'Ebre,40.906435,0.490609,32.4206,
430537,Duesaigües,08,Baix Camp,43,Tarragona,04,Camp de Tarragona,41.146113,0.9308,13.631,
430542,l'Espluga de Francolí,16,Conca de Barberà,43,Tarragona,04,Camp de Tarragona,41.396639,1.104443,56.4147,
430555,Falset,29,Priorat,43,Tarragona,04,Camp de Tarragona,41.14598,0.820118,31.9088,
430568,la Fatarella,37,Terra Alta,43,Tarragona,05,Terres de l'Ebre,41.162369,0.47325,56.6806,
430574,la Febró,08,Baix Camp,43,Tarragona,04,Camp de Tarragona,41.277288,1.003976,16.0564,
430580,la Figuera,29,Priorat,43,Tarragona,04,Camp de Tarragona,41.216173,0.731469,18.9172,
430593,Figuerola del Camp,01,Alt Camp,43,Tarragona,04,Camp de Tarragona,41.371441,1.264965,22.454,
430607,Flix,30,Ribera d'Ebre,43,Tarragona,05,Terres de l'Ebre,41.231902,0.55017,116.6356,
430614,Forès,16,Conca de Barberà,43,Tarragona,04,Camp de Tarragona,41.494461,1.238109,16.1481,
430629,Freginals,22,Montsià,43,Tarragona,05,Terres de l'Ebre,40.671727,0.520036,17.4474,
430635,la Galera,22,Montsià,43,Tarragona,05,Terres de l'Ebre,40.681639,0.463374,27.4057,
430640,Gandesa,37,Terra Alta,43,Tarragona,05,Terres de l'Ebre,41.052136,0.439214,71.3023,
430653,Garcia,30,Ribera d'Ebre,43,Tarragona,05,Terres de l'Ebre,41.136986,0.650125,52.2487,
430666,els Garidells,01,Alt Camp,43,Tarragona,04,Camp de Tarragona,41.207366,1.246729,3.0076,
430672,Ginestar,30,Ribera d'Ebre,43,Tarragona,05,Terres de l'Ebre,41.041843,0.634356,15.6136,
430688,Godall,22,Montsià,43,Tarragona,05,Terres de l'Ebre,40.65507,0.469734,33.9612,
430691,Gratallops,29,Priorat,43,Tarragona,04,Camp de Tarragona,41.193333,0.776798,13.494,
430705,els Guiamets,29,Priorat,43,Tarragona,04,Camp de Tarragona,41.101987,0.752004,11.8907,
430712,Horta de Sant Joan,37,Terra Alta,43,Tarragona,05,Terres de l'Ebre,40.953905,0.3168,119.2277,
430727,el Lloar,29,Priorat,43,Tarragona,04,Camp de Tarragona,41.185932,0.75091,6.6665,
430733,Llorac,16,Conca de Barberà,43,Tarragona,04,Camp de Tarragona,41.556561,1.307519,23.1376,
430748,Llorenç del Penedès,12,Baix Penedès,43,Tarragona,08,Penedès,41.282918,1.553135,4.678,
430751,Margalef,29,Priorat,43,Tarragona,04,Camp de Tarragona,41.284419,0.753992,34.7588,
430764,Marçà,29,Priorat,43,Tarragona,04,Camp de Tarragona,41.126096,0.800249,16.1211,
430770,Mas de Barberans,22,Montsià,43,Tarragona,05,Terres de l'Ebre,40.734689,0.373914,78.881,
430786,Masdenverge,22,Montsià,43,Tarragona,05,Terres de l'Ebre,40.715805,0.531035,14.6909,
430799,Masllorenç,12,Baix Penedès,43,Tarragona,08,Penedès,41.269276,1.414428,6.5262,
430803,la Masó,01,Alt Camp,43,Tarragona,04,Camp de Tarragona,41.234886,1.222803,3.4612,
430810,Maspujols,08,Baix Camp,43,Tarragona,04,Camp de Tarragona,41.181793,1.045809,3.5978,
430825,el Masroig,29,Priorat,43,Tarragona,04,Camp de Tarragona,41.126544,0.731473,15.535,
430831,el Milà,01,Alt Camp,43,Tarragona,04,Camp de Tarragona,41.247907,1.20663,4.1648,
430846,Miravet,30,Ribera d'Ebre,43,Tarragona,05,Terres de l'Ebre,41.03792,0.597571,32.5942,
430859,el Molar,29,Priorat,43,Tarragona,04,Camp de Tarragona,41.16493,0.705852,22.7488,
430862,Montblanc,16,Conca de Barberà,43,Tarragona,04,Camp de Tarragona,41.376562,1.161499,91.0786,
430884,Montbrió del Camp,08,Baix Camp,43,Tarragona,04,Camp de Tarragona,41.120724,1.003519,10.5288,
430897,Montferri,01,Alt Camp,43,Tarragona,04,Camp de Tarragona,41.265659,1.36578,19.1549,
430901,el Montmell,12,Baix Penedès,43,Tarragona,08,Penedès,41.314821,1.452485,72.6569,
430918,Mont-ral,01,Alt Camp,43,Tarragona,04,Camp de Tarragona,41.286833,1.096937,34.4977,
430923,Mont-roig del Camp,08,Baix Camp,43,Tarragona,04,Camp de Tarragona,41.088251,0.95777,63.2701,
430939,Móra d'Ebre,30,Ribera d'Ebre,43,Tarragona,05,Terres de l'Ebre,41.092511,0.641124,45.3646,
430944,Móra la Nova,30,Ribera d'Ebre,43,Tarragona,05,Terres de l'Ebre,41.099944,0.650853,15.6437,
430957,el Morell,36,Tarragonès,43,Tarragona,04,Camp de Tarragona,41.192192,1.208876,5.9719,
430960,la Morera de Montsant,29,Priorat,43,Tarragona,04,Camp de Tarragona,41.264958,0.841819,53.3314,
430976,la Nou de Gaià,36,Tarragonès,43,Tarragona,04,Camp de Tarragona,41.182986,1.37376,4.2977,
430982,Nulles,01,Alt Camp,43,Tarragona,04,Camp de Tarragona,41.249312,1.2952,10.6474,
430995,la Palma d'Ebre,30,Ribera d'Ebre,43,Tarragona,05,Terres de l'Ebre,41.282872,0.666168,38.0766,
431009,els Pallaresos,36,Tarragonès,43,Tarragona,04,Camp de Tarragona,41.17517,1.269528,5.023,
431016,Passanant i Belltall,16,Conca de Barberà,43,Tarragona,04,Camp de Tarragona,41.531716,1.196982,27.7667,
431021,Paüls,09,Baix Ebre,43,Tarragona,05,Terres de l'Ebre,40.92244,0.400362,43.7727,
431037,Perafort,36,Tarragonès,43,Tarragona,04,Camp de Tarragona,41.191073,1.25532,9.7226,
431042,el Perelló,09,Baix Ebre,43,Tarragona,05,Terres de l'Ebre,40.87548,0.712376,100.7045,
431055,les Piles de Gaià,16,Conca de Barberà,43,Tarragona,04,Camp de Tarragona,41.503865,1.34195,22.5734,
431068,el Pinell de Brai,37,Terra Alta,43,Tarragona,05,Terres de l'Ebre,41.015469,0.514395,57.1677,
431074,Pira,16,Conca de Barberà,43,Tarragona,04,Camp de Tarragona,41.423951,1.201947,8.5751,
431080,el Pla de Santa Maria,01,Alt Camp,43,Tarragona,04,Camp de Tarragona,41.365625,1.288853,35.0835,
431093,la Pobla de Mafumet,36,Tarragonès,43,Tarragona,04,Camp de Tarragona,41.187578,1.209706,6.0688,
431107,la Pobla de Massaluca,37,Terra Alta,43,Tarragona,05,Terres de l'Ebre,41.180258,0.353762,43.1513,
431114,la Pobla de Montornès,36,Tarragonès,43,Tarragona,04,Camp de Tarragona,41.176764,1.414837,12.3183,
431129,Poboleda,29,Priorat,43,Tarragona,04,Camp de Tarragona,41.23341,0.844885,13.7904,
431135,el Pont d'Armentera,01,Alt Camp,43,Tarragona,04,Camp de Tarragona,41.383674,1.362805,21.6274,
431140,Porrera,29,Priorat,43,Tarragona,04,Camp de Tarragona,41.188959,0.856047,28.6176,
431153,Pradell de la Teixeta,29,Priorat,43,Tarragona,04,Camp de Tarragona,41.156962,0.875893,21.9855,
431166,Prades,08,Baix Camp,43,Tarragona,04,Camp de Tarragona,41.309622,0.987925,32.6036,
431172,Prat de Comte,37,Terra Alta,43,Tarragona,05,Terres de l'Ebre,40.983775,0.405235,26.3518,
431188,Pratdip,08,Baix Camp,43,Tarragona,04,Camp de Tarragona,41.050819,0.870945,35.7256,
431191,Puigpelat,01,Alt Camp,43,Tarragona,04,Camp de Tarragona,41.279887,1.296915,9.5318,
431205,Querol,01,Alt Camp,43,Tarragona,04,Camp de Tarragona,41.422933,1.397025,72.2628,
431212,Rasquera,30,Ribera d'Ebre,43,Tarragona,05,Terres de l'Ebre,41.001478,0.597487,51.028,
431227,Renau,36,Tarragonès,43,Tarragona,04,Camp de Tarragona,41.224758,1.311193,8.3215,
431233,Reus,08,Baix Camp,43,Tarragona,04,Camp de Tarragona,41.155105,1.108763,52.9031,
431248,la Riba,01,Alt Camp,43,Tarragona,04,Camp de Tarragona,41.318251,1.178032,8.0449,
431251,Riba-roja d'Ebre,30,Ribera d'Ebre,43,Tarragona,05,Terres de l'Ebre,41.250705,0.487613,99.3764,
431264,la Riera de Gaià,36,Tarragonès,43,Tarragona,04,Camp de Tarragona,41.164856,1.361682,8.7747,
431270,Riudecanyes,08,Baix Camp,43,Tarragona,04,Camp de Tarragona,41.130167,0.960676,17.0331,
431286,Riudecols,08,Baix Camp,43,Tarragona,04,Camp de Tarragona,41.168515,0.976047,19.5164,
431299,Riudoms,08,Baix Camp,43,Tarragona,04,Camp de Tarragona,41.138892,1.051519,32.374,
431303,Rocafort de Queralt,16,Conca de Barberà,43,Tarragona,04,Camp de Tarragona,41.478031,1.281495,8.4382,
431310,Roda de Berà,36,Tarragonès,43,Tarragona,04,Camp de Tarragona,41.185979,1.4544,16.5255,
431325,Rodonyà,01,Alt Camp,43,Tarragona,04,Camp de Tarragona,41.279829,1.399062,8.5838,
431331,Roquetes,09,Baix Ebre,43,Tarragona,05,Terres de l'Ebre,40.820393,0.502987,137.1047,
431346,el Rourell,01,Alt Camp,43,Tarragona,04,Camp de Tarragona,41.224012,1.218295,2.3157,
431359,Salomó,36,Tarragonès,43,Tarragona,04,Camp de Tarragona,41.229425,1.374589,12.3812,
431362,la Ràpita,22,Montsià,43,Tarragona,05,Terres de l'Ebre,40.620052,0.592817,53.0904,
431378,Sant Jaume dels Domenys,12,Baix Penedès,43,Tarragona,08,Penedès,41.299281,1.558929,24.5171,
431384,Santa Bàrbara,22,Montsià,43,Tarragona,05,Terres de l'Ebre,40.71452,0.492413,28.1328,
431397,Santa Coloma de Queralt,16,Conca de Barberà,43,Tarragona,04,Camp de Tarragona,41.532422,1.383889,33.994,
431401,Santa Oliva,12,Baix Penedès,43,Tarragona,08,Penedès,41.253118,1.5507,9.7045,
431418,Pontils,16,Conca de Barberà,43,Tarragona,04,Camp de Tarragona,41.477266,1.387809,67.3299,
431423,Sarral,16,Conca de Barberà,43,Tarragona,04,Camp de Tarragona,41.444603,1.248579,52.4474,
431439,Savallà del Comtat,16,Conca de Barberà,43,Tarragona,04,Camp de Tarragona,41.543117,1.298932,14.6318,
431444,la Secuita,36,Tarragonès,43,Tarragona,04,Camp de Tarragona,41.204646,1.279594,17.7941,
431457,la Selva del Camp,08,Baix Camp,43,Tarragona,04,Camp de Tarragona,41.215349,1.137083,35.3367,
431460,Senan,16,Conca de Barberà,43,Tarragona,04,Camp de Tarragona,41.469951,1.088426,11.8776,
431476,Solivella,16,Conca de Barberà,43,Tarragona,04,Camp de Tarragona,41.456004,1.177611,21.3281,
431482,Tarragona,36,Tarragonès,43,Tarragona,04,Camp de Tarragona,41.116928,1.25533,58.776,
431495,Tivenys,09,Baix Ebre,43,Tarragona,05,Terres de l'Ebre,40.907334,0.512449,53.6097,
431508,Tivissa,30,Ribera d'Ebre,43,Tarragona,05,Terres de l'Ebre,41.043307,0.73199,209.9583,
431515,la Torre de Fontaubella,29,Priorat,43,Tarragona,04,Camp de Tarragona,41.124365,0.864296,7.1641,
431520,la Torre de l'Espanyol,30,Ribera d'Ebre,43,Tarragona,05,Terres de l'Ebre,41.19181,0.625099,27.9265,
431536,Torredembarra,36,Tarragonès,43,Tarragona,04,Camp de Tarragona,41.145662,1.395631,8.7464,
431541,Torroja del Priorat,29,Priorat,43,Tarragona,04,Camp de Tarragona,41.213379,0.810642,13.1712,
431554,Tortosa,09,Baix Ebre,43,Tarragona,05,Terres de l'Ebre,40.811008,0.520643,218.3647,
431567,Ulldecona,22,Montsià,43,Tarragona,05,Terres de l'Ebre,40.598239,0.448875,126.7236,
431573,Ulldemolins,29,Priorat,43,Tarragona,04,Camp de Tarragona,41.322591,0.876395,38.0386,
431589,Vallclara,16,Conca de Barberà,43,Tarragona,04,Camp de Tarragona,41.377367,0.982252,13.447,
431592,Vallfogona de Riucorb,16,Conca de Barberà,43,Tarragona,04,Camp de Tarragona,41.562917,1.235967,10.9342,
431606,Vallmoll,01,Alt Camp,43,Tarragona,04,Camp de Tarragona,41.242444,1.249025,16.6429,
431613,Valls,01,Alt Camp,43,Tarragona,04,Camp de Tarragona,41.284176,1.247753,55.6158,
431628,Vandellòs i l'Hospitalet de l'Infant,08,Baix Camp,43,Tarragona,04,Camp de Tarragona,41.019894,0.83128,102.7149,
431634,el Vendrell,12,Baix Penedès,43,Tarragona,08,Penedès,41.220214,1.534929,36.9505,
431649,Vespella de Gaià,36,Tarragonès,43,Tarragona,04,Camp de Tarragona,41.20403,1.359974,18.0577,
431652,Vilabella,01,Alt Camp,43,Tarragona,04,Camp de Tarragona,41.246836,1.329941,18.1171,
431665,Vilallonga del Camp,36,Tarragonès,43,Tarragona,04,Camp de Tarragona,41.211429,1.205744,9.1255,
431671,Vilanova d'Escornalbou,08,Baix Camp,43,Tarragona,04,Camp de Tarragona,41.112872,0.936627,17.2629,
431687,Vilanova de Prades,16,Conca de Barberà,43,Tarragona,04,Camp de Tarragona,41.348046,0.955454,21.6428,
431690,Vilaplana,08,Baix Camp,43,Tarragona,04,Camp de Tarragona,41.228562,1.033187,23.1011,
431704,Vila-rodona,01,Alt Camp,43,Tarragona,04,Camp de Tarragona,41.310837,1.358117,33.0164,
431711,Vila-seca,36,Tarragonès,43,Tarragona,04,Camp de Tarragona,41.110972,1.145039,21.6558,
431726,Vilaverd,16,Conca de Barberà,43,Tarragona,04,Camp de Tarragona,41.334248,1.177348,12.6149,
431732,la Vilella Alta,29,Priorat,43,Tarragona,04,Camp de Tarragona,41.225413,0.780465,5.1196,
431747,la Vilella Baixa,29,Priorat,43,Tarragona,04,Camp de Tarragona,41.220666,0.761806,5.5045,
431750,Vilalba dels Arcs,37,Terra Alta,43,Tarragona,05,Terres de l'Ebre,41.121014,0.410181,67.2457,
431763,Vimbodí i Poblet,16,Conca de Barberà,43,Tarragona,04,Camp de Tarragona,41.400142,1.050959,66.2203,
431779,Vinebre,30,Ribera d'Ebre,43,Tarragona,05,Terres de l'Ebre,41.184068,0.590806,26.5081,
431785,Vinyols i els Arcs,08,Baix Camp,43,Tarragona,04,Camp de Tarragona,41.113771,1.039472,10.9124,
439018,Deltebre,09,Baix Ebre,43,Tarragona,05,Terres de l'Ebre,40.718222,0.735259,106.1009,
439023,Sant Jaume d'Enveja,22,Montsià,43,Tarragona,05,Terres de l'Ebre,40.707051,0.71947,59.3683,
439039,Camarles,09,Baix Ebre,43,Tarragona,05,Terres de l'Ebre,40.772141,0.669673,30.0157,
439044,l'Aldea,09,Baix Ebre,43,Tarragona,05,Terres de l'Ebre,40.747268,0.622371,30.4743,
439057,Salou,36,Tarragonès,43,Tarragona,04,Camp de Tarragona,41.081472,1.134227,15.1248,
439060,l'Ampolla,09,Baix Ebre,43,Tarragona,05,Terres de l'Ebre,40.812251,0.710141,35.6196,
439076,la Canonja,36,Tarragonès,43,Tarragona,04,Camp de Tarragona,41.123414,1.179099,7.3528,
